,Rank,Artist,Album,Total,Daily
0,1,Ed Sheeran,÷ (Deluxe),11127100157,4051251
1,2,Post Malone,beerbongs & bentleys,9384072978,2632777
2,3,Dua Lipa,Dua Lipa (Complete Edition),8732775214,3017227
3,4,Post Malone,Hollywood's Bleeding,8617566505,4071637
4,5,Ed Sheeran,x (Wembley Edition),8391502029,2462857
5,6,Billie Eilish,"WHEN WE ALL FALL ASLEEP, WHERE DO WE GO?",7938693846,3150380
6,7,Justin Bieber,Purpose (Deluxe),7861882367,1997308
7,8,Drake,Scorpion,7676737550,2022180
8,9,XXXTENTACION,?,7154898893,3765126
9,10,Drake,Views,7126032831,1782510
10,11,Post Malone,Stoney (Deluxe),6961555269,2098732
11,12,Dua Lipa,Future Nostalgia (The Moonlight Edition),6930797575,8103827
12,13,The Weeknd,Starboy,6413697948,2983275
13,14,The Weeknd,Beauty Behind The Madness,5942862941,2519524
14,15,Travis Scott,ASTROWORLD,5910827374,3314018
15,16,The Weeknd,After Hours (Deluxe),5820526789,4676234
16,17,Juice WRLD,Goodbye & Good Riddance,5808686521,3233168
17,18,Billie Eilish,dont smile at me (Expanded Edition),5800933011,3169457
18,19,Shawn Mendes,Shawn Mendes (Deluxe),5661818198,1992259
19,20,Ariana Grande,"thank u, next",5658704280,2308360
20,21,XXXTENTACION,17,5346841340,2886537
21,22,Imagine Dragons,Evolve,5304023229,2341175
22,23,Lewis Capaldi,Divinely Uninspired To A Hellish Extent (Extended Edition),5278514500,3308308
23,24,Twenty One Pilots,Blurryface,5135811968,1860231
24,25,Sam Smith,In The Lonely Hour (Deluxe),5109419244,2465459
25,26,Bad Bunny,YHLQMDLG,5102195906,4549571
26,27,Kendrick Lamar,DAMN.,5097683292,1779089
27,28,Harry Styles,Fine Line,5080356697,4672792
28,29,Drake,More Life,4988999766,1464278
29,30,Olivia Rodrigo,SOUR,4924647819,10890454
30,31,Shawn Mendes,Illuminate (Deluxe),4796802867,1614300
31,32,Khalid,American Teen (Japan Version),4780215831,1437321
32,33,Ariana Grande,Dangerous Woman,4721659288,1631763
33,34,Ed Sheeran,No.6 Collaborations Project,4714320315,1930795
34,35,Imagine Dragons,Night Visions (Deluxe),4672839376,1760154
35,36,Pop Smoke,Shoot For The Stars Aim For The Moon (Deluxe),4644229972,4264421
36,37,Maroon 5,Red Pill Blues (Deluxe),4626230658,1253727
37,38,Ariana Grande,My Everything (Deluxe),4555675297,1523010
38,39,Lin-Manuel Miranda,Hamilton (Original Broadway Cast Recording),4537626394,2125956
39,40,Rihanna,ANTI (Deluxe),4447373199,1705393
40,41,Anne-Marie,Speak Your Mind (Deluxe),4421848427,1379994
41,42,The Chainsmokers,Collage EP,4390878338,1225480
42,43,Bruno Mars,Doo-Wops & Hooligans,4308959895,3265581
43,44,Luis Fonsi,VIDA,4262942446,1005738
44,45,Charlie Puth,Nine Track Mind (Special Edition),4235621775,1433866
45,46,Zara Larsson,So Good,4183617613,1050183
46,47,Adele,25,4156869229,4669645
47,48,Clean Bandit,What Is Love? (Deluxe Edition),4135068387,1124588
48,49,Arctic Monkeys,AM,4094683540,2630448
49,50,Jonas Blue,Blue,4089599259,1006259
50,51,Alan Walker,Different World,4003070575,1455027
51,52,Maroon 5,V (Deluxe),3970489544,1884213
52,53,Lil Uzi Vert,Luv Is Rage 2 (Deluxe),3967752065,2094016
53,54,Juice WRLD,Legends Never Die,3923733369,3483406
54,55,Lady Gaga,A Star Is Born Soundtrack,3921197766,1895116
55,56,Adele,21,3875916570,3909981
56,57,Sam Smith,Love Goes,3870748507,1943214
57,58,Sia,This Is Acting (Deluxe Version),3855228922,1691120
58,59,Various Artists,The Greatest Showman (Original Motion Picture Soundtrack),3742407316,1524920
59,60,Bruno Mars,24K Magic,3741729389,1425488
60,61,Ariana Grande,Sweetener,3716506622,1446937
61,62,Cardi B,Invasion of Privacy,3689225538,1034810
62,63,Hozier,Hozier (Special Edition),3681639208,1905284
63,64,Bad Bunny,X 100PRE,3647325359,2118406
64,65,Justin Bieber,Justice (The Complete Edition),3602597405,7653787
65,66,The Kid LAROI,F*CK LOVE 3+: OVER YOU,3564150616,9558775
66,67,Taylor Swift,Lover,3550677606,2635322
67,68,Lana Del Rey,Born To Die – Paradise Edition (Special Version),3544282146,1709189
68,69,Camila Cabello,Romance,3534633059,1503087
69,70,Travis Scott,Birds In The Trap Sing McKnight,3504473134,1720935
70,71,Khalid,Free Spirit,3494454788,1276015
71,72,BTS,MAP OF THE SOUL : 7,3479719179,2880694
72,73,Eminem,The Eminem Show,3475058472,2161647
73,74,Katy Perry,Katy Perry - Teenage Dream: The Complete Confection,3474427120,2487999
74,75,Shawn Mendes,Handwritten (Deluxe),3471198487,-69444955
75,76,The Chainsmokers,Memories...Do Not Open,3432817382,1067459
76,77,One Direction,Made In The A.M. (Deluxe Edition),3394118179,1507806
77,78,J. Cole,2014 Forest Hills Drive,3379622086,1655577
78,79,Halsey,Manic,3333266829,1615003
79,80,Major Lazer,Peace Is The Mission (Extended),3314742434,677796
80,81,Various Artists,Spider-Man: Into the Spider-Verse (Soundtrack From & Inspired by the Motion Picture),3276896685,1597006
81,82,Taylor Swift,reputation (Big Machine Radio Release Special),3275087007,2087351
82,83,Lady Gaga,The Fame Monster (France Virgin Version),3264599220,2175490
83,84,Camila Cabello,Camila,3264344052,845585
84,85,Juice WRLD,Death Race For Love,3233842072,2154940
85,86,Bruno Mars,Unorthodox Jukebox (Deluxe Edition),3231635152,1856310
86,87,Kygo,Cloud Nine,3175057071,715699
87,88,Kanye West,The Life Of Pablo,3173174164,1316466
88,89,Drake,Take Care (Deluxe),3164518824,1130599
89,90,Bad Bunny,EL ÚLTIMO TOUR DEL MUNDO,3163789018,4542272
90,91,Tones And I,Welcome To The Madhouse (Deluxe),3152655969,1755677
91,92,David Guetta,Nothing but the Beat (Ultimate Edition),3117677678,1451217
92,93,Taylor Swift,1989 (Deluxe),3113442176,3238221
93,94,Calvin Harris,Motion,3105990425,1091603
94,95,Ava Max,Heaven & Hell,3101014917,2090057
95,96,Macklemore,The Heist (Deluxe Edition),3072033616,1334555
96,97,James Arthur,Back from the Edge,3066558247,1548926
97,98,Ed Sheeran,+,3055548877,1059219
98,99,Kendrick Lamar,Black Panther The Album Music From And Inspired By,3010736189,1038126
99,100,Nirvana,Nevermind (Super Deluxe Edition),2994139715,2352601
100,101,Kendrick Lamar,"good kid, m.A.A.d city (Deluxe)",2993970006,1520671
101,102,Lil Nas X,7 EP,2992046200,1202232
102,103,Linkin Park,Hybrid Theory (20th Anniversary Edition),2986614978,1787773
103,104,Drake,Nothing Was The Same (Deluxe),2934208100,904239
104,105,David Guetta,7,2918248270,729595
105,106,Various Artists,Fifty Shades Of Grey (Original Motion Picture Soundtrack),2912665541,1249384
106,107,Ozuna,Odisea,2908236830,864256
107,108,Maroon 5,Overexposed Track By Track,2901912872,1726234
108,109,Lauv,I met you when I was 18. (the playlist),2901802446,1032332
109,110,Eminem,Recovery (Deluxe Edition),2900084951,1222279
110,111,Paulo Londra,Homerun,2884886149,1942434
111,112,Fleetwood Mac,Rumours (Super Deluxe),2882615041,2086700
112,113,Avicii,True (Bonus Edition),2878265504,1278734
113,114,Ellie Goulding,Delirium (Deluxe),2869568964,884899
114,115,Eminem,The Marshall Mathers LP2 (Deluxe),2867640396,821307
115,116,Calvin Harris,18 Months,2853787355,1209532
116,117,Ariana Grande,Positions (Deluxe),2851636942,3556210
117,118,Avicii,Stories,2849274547,1486667
118,119,David Guetta,Listen Again,2840116833,730725
119,120,KAROL G,KG0516,2829740169,3017877
120,121,Lorde,Pure Heroine (Extended),2810902541,1295990
121,122,Melanie Martinez,Cry Baby (Deluxe Edition),2773225010,2289321
122,123,Rita Ora,Phoenix (Deluxe Edition),2764388385,561600
123,124,benny blanco,FRIENDS KEEP SECRETS 2,2754855639,1468334
124,125,Guns N' Roses,Appetite For Destruction,2745126667,1609227
125,126,Anuel AA,Emmanuel,2716684539,1259814
126,127,Rihanna,Good Girl Gone Bad,2702830067,1797259
127,128,Various Artists,Vaiana (English Version/Original Motion Picture Soundtrack/Deluxe Edition),2699139854,1203876
128,129,Felix Jaehn,I,2696314744,663512
129,130,One Direction,Midnight Memories (Deluxe),2682337395,1509378
130,131,Harry Styles,Harry Styles,2664105107,1776885
131,132,DJ Snake,Encore,2658643736,966619
132,133,Frank Ocean,Blonde,2644077476,1677185
133,134,Migos,Culture II,2643982063,781258
134,135,Sam Smith,The Thrill Of It All (Special Edition),2638887401,829313
135,136,Lizzo,Cuz I Love You (Super Deluxe),2637405076,1168181
136,137,Sebastian Yatra,MANTRA,2615478004,850648
137,138,Michael Jackson,Thriller 25 Super Deluxe Edition,2611926218,2026607
138,139,Roddy Ricch,Please Excuse Me for Being Antisocial,2608231447,1187783
139,140,Drake,If You're Reading This It's Too Late,2599145310,640326
140,141,Selena Gomez,Revival (Deluxe),2590965988,566019
141,142,Dr. Dre,2001,2572532192,1463638
142,143,Beyoncé,I AM...SASHA FIERCE - Platinum Edition,2560473099,1244227
143,144,Doja Cat,Planet Her (Deluxe),2555462179,12774518
144,145,One Direction,FOUR (Deluxe),2554912079,1622622
145,146,Vance Joy,Dream Your Life Away (Deluxe Edition),2548879220,1162426
146,147,Meghan Trainor,Title,2535872317,975911
147,148,Katy Perry,PRISM (Deluxe),2533131180,1272193
148,149,Sia,1000 Forms Of Fear (Deluxe Version),2532359553,763235
149,150,Liam Payne,LP1,2530075192,697259
150,151,Oasis,"(What's The Story) Morning Glory? (Remastered, Deluxe)",2528166714,1430219
151,152,Kanye West,Graduation (Alternative Business Partners),2524853994,1834763
152,153,Beyoncé,BEYONCÉ [Platinum Edition],2520657165,638265
153,154,ZAYN,Icarus Falls,2507346279,1010460
154,155,6ix9ine,DUMMY BOY,2498885571,549553
155,156,J Balvin,Vibras,2498667154,625492
156,157,NF,Perception,2490867284,1148622
157,158,Taylor Swift,folklore: the long pond studio sessions (from the Disney+ special) [deluxe edition],2482904739,3561925
158,159,Bryson Tiller,T R A P S O U L (Deluxe),2482046253,979264
159,160,Eminem,Kamikaze,2469609442,1268798
160,161,Lauv,~how i'm feeling~,2461039342,1110662
161,162,Swedish House Mafia,Until Now,2448248289,1100496
162,163,Charlie Puth,Voicenotes,2440908851,780261
163,164,Red Hot Chili Peppers,Californication (Deluxe Edition),2438117451,1384446
164,165,Luke Combs,This One's for You Too (Deluxe Edition),2437692299,1332764
165,166,Imagine Dragons,Smoke + Mirrors (Deluxe),2437280503,740463
166,167,Doja Cat,Hot Pink,2433404315,2382112
167,168,Coldplay,A Head Full of Dreams,2429065726,955885
168,169,Lil Uzi Vert,Eternal Atake (Deluxe) - LUV vs. The World 2,2426571310,1644605
169,170,Nicki Minaj,The Pinkprint (Deluxe Edition),2422010746,784771
170,171,Nicky Jam,Fénix,2421001855,576509
171,172,Shakira,El Dorado,2408723752,602054
172,173,Amy Winehouse,Back To Black (Deluxe Edition),2407192196,1439321
173,174,Migos,Culture,2400919912,475706
174,175,Imagine Dragons,Origins (Deluxe),2385762237,1124797
175,176,Michael Bublé,Christmas (Deluxe Special Edition),2385496520,1692747
176,177,DJ Snake,Carte Blanche (Deluxe),2367116535,799225
177,178,Rihanna,Unapologetic (Deluxe),2361601530,1188447
178,179,Justin Bieber,Changes,2349030213,1083209
179,180,Metallica,Metallica (Remastered Deluxe Box Set),2348562563,1581921
180,181,Queen,A Night At The Opera (Deluxe Edition 2011 Remaster),2336496436,1246963
181,182,Bazzi,COSMIC,2330721366,870224
182,183,Eminem,Music To Be Murdered By - Side B (Deluxe Edition),2324337170,1872703
183,184,Calvin Harris,Funk Wav Bounces Vol.1,2317701409,570720
184,185,Linkin Park,Meteora (Bonus Edition),2315419315,1306550
185,186,Alessia Cara,Know-It-All (Deluxe),2308929194,764539
186,187,One Direction,Take Me Home (Expanded Edition),2308650034,1195733
187,188,Tove Lo,Queen Of The Clouds (Blueprint Edition),2290720905,921461
188,189,Lil Tecca,We Love You Tecca,2286380864,1262954
189,190,Ozuna,Aura,2271791811,567754
190,191,50 Cent,Get Rich Or Die Tryin',2263688907,1597012
191,192,DJ Khaled,Grateful,2258390385,421569
192,193,A Boogie Wit da Hoodie,Hoodie SZN,2252190388,849971
193,194,Lil Nas X,MONTERO,2246295170,12035463
194,195,Taylor Swift,Red (Deluxe Edition),2244449575,3343334
195,196,The Killers,Hot Fuss,2236976716,1384810
196,197,BTS,BE,2225314423,2312229
197,198,OneRepublic,Native (Deluxe),2216782931,1124506
198,199,Bebe Rexha,Expectations,2205636690,637063
199,200,James Bay,Chaos And The Calm (Deluxe Edition),2204094265,589065
200,201,Maroon 5,Songs About Jane: 10th Anniversary Edition,2202445307,1118186
201,202,5 Seconds of Summer,Youngblood (Deluxe),2197489831,1037592
202,203,Kanye West,My Beautiful Dark Twisted Fantasy,2191657817,1275696
203,204,G-Eazy,When It's Dark Out (Deluxe Edition),2187724420,419968
204,205,Niall Horan,Flicker (Deluxe),2184493600,889784
205,206,Enrique Iglesias,FINAL (Vol.1),2183864894,967779
206,207,Coldplay,A Rush of Blood to the Head,2172511464,1166077
207,208,Tyga,Legendary (Deluxe Edition),2170446271,840314
208,209,Frank Ocean,channel ORANGE (Explicit Version),2170124316,945804
209,210,DaBaby,BLAME IT ON BABY (DELUXE),2165575519,1151611
210,211,Eminem,The Marshall Mathers LP,2157015765,1766486
211,212,Kygo,Stargazing - EP,2156143091,426549
212,213,Romeo Santos,"Fórmula, Vol. 2 (Deluxe Edition) [Clean Version]",2144449277,1118324
213,214,J Balvin,Colores,2143679193,953330
214,215,Jax Jones,Snacks (Supersize),2141514551,582757
215,216,SZA,Ctrl,2141447902,1378108
216,217,AC/DC,Back In Black,2132175055,1494188
217,218,ZAYN,Mind Of Mine (Japan Version),2131661341,671704
218,219,Jess Glynne,I Cry When I Laugh,2128309849,628511
219,220,Little Mix,Glory Days (Expanded Edition),2126480817,664965
220,221,Panic! At The Disco,Pray for the Wicked,2122483170,726819
221,222,Dean Lewis,A Place We Knew,2105132276,1174174
222,223,BTS,You Never Walk Alone,2100105807,1179339
223,224,Mabel,High Expectations,2091520950,949222
224,225,Rihanna,Loud,2090988693,1300774
225,226,Ellie Goulding,Halcyon Days,2087064912,581806
226,227,Halsey,BADLANDS (Live From Webster Hall),2085434458,612360
227,228,Tame Impala,Currents,2078783161,1306207
228,229,DNCE,DNCE,2074103041,590483
229,230,Chance the Rapper,Coloring Book,2071402001,344217
230,231,BTS,Love Yourself 轉 'Tear',2051936126,1431415
231,232,Trolls,TROLLS (Original Motion Picture Soundtrack),2050060304,699285
232,233,Fetty Wap,Fetty Wap,2046122869,559512
233,234,Calum Scott,Only Human (Special Edition),2038739788,1172525
234,235,Flo Rida,My House,2030973515,546296
235,236,Lukas Graham,Lukas Graham (Blue Album),2025465362,715526
236,237,Becky G,MALA SANTA,2023114091,635566
237,238,Maroon 5,JORDI (Deluxe),2019002316,2327135
238,239,J Balvin,OASIS,2009288395,1424828
239,240,Joji,BALLADS 1,2008160666,1370197
240,241,Fifth Harmony,7/27 (Japan Deluxe Edition),2007666785,437989
241,242,Danny Ocean,54+1,1996039569,901115
242,243,Manuel Turizo,ADN,1995372865,600017
243,244,Various Artists,Frozen (Original Motion Picture Soundtrack / Deluxe Edition),1990567775,920876
244,245,Future,FUTURE,1990522788,612559
245,246,Maluma,F.A.M.E.,1984599665,446760
246,247,My Chemical Romance,The Black Parade / Living with Ghosts (The 10th Anniversary Edition),1969691221,1584763
247,248,Axwell /\ Ingrosso,More Than You Know,1967935000,628500
248,249,Khalid,Suncity,1964539315,776789
249,250,Jason Derulo,Tattoos (Deluxe Edition),1964105710,594225
250,251,Billie Eilish,Happier Than Ever,1963146579,5840491
251,252,Various Artists,Fifty Shades Darker (Original Motion Picture Soundtrack),1961075995,722666
252,253,Halsey,hopeless fountain kingdom,1957337645,701571
253,254,Jason Mraz,We Sing. We Dance. We Steal Things. (Deluxe Edition),1948636699,868720
254,255,Twenty One Pilots,Vessel,1946954936,536837
255,256,Beyoncé,4,1945316772,629233
256,257,Panic! At The Disco,Death of a Bachelor,1942955319,756668
257,258,System Of A Down,Toxicity,1941760508,1058967
258,259,John Legend,Love In The Future (Expanded Edition),1940838823,882233
259,260,Jonas Brothers,Happiness Begins,1935092661,742248
260,261,Demi Lovato,Tell Me You Love Me (Deluxe),1925898092,472120
261,262,Miley Cyrus,Bangerz (Deluxe Version),1925809301,746623
262,263,Robin Schulz,Prayer,1925710401,624014
263,264,MEDUZA,Introducing MEDUZA,1921800003,1270159
264,265,Passenger,All the Little Lights (Deluxe Version),1920978840,728674
265,266,Selena Gomez,Rare (Deluxe),1896145336,931177
266,267,Nicki Minaj,Queen,1883881461,546053
267,268,The Beatles,Abbey Road (Remastered),1881396917,1112440
268,269,2Pac,All Eyez On Me,1881315409,1023579
269,270,Pop Smoke,Meet The Woo 2 (Deluxe),1876181941,2138900
270,271,Pink Floyd,The Wall (Remastered),1874517595,1065016
271,272,Russ,There's Really A Wolf,1869411738,575458
272,273,Red Hot Chili Peppers,Stadium Arcadium,1862775729,897349
273,274,Coldplay,Ghost Stories,1860502757,620677
274,275,Foster The People,Torches,1854664065,881873
275,276,Kings of Leon,Only By The Night,1849898503,947401
276,277,Fall Out Boy,American Beauty/American Psycho,1842842315,735372
277,278,Lil Baby,My Turn (Deluxe),1836904130,1446411
278,279,Young Thug,So Much Fun (Deluxe),1832768043,799841
279,280,Alec Benjamin,Narrated For You,1830336807,1665851
280,281,Drake,Dark Lane Demo Tapes,1822444259,1093577
281,282,Lorde,Melodrama,1822157238,827927
282,283,BLACKPINK,THE ALBUM,1812979076,1800331
283,284,The Chainsmokers,Sick Boy,1811835464,444001
284,285,The Chainsmokers,World War Joy,1808125676,682620
285,286,Bastille,Bad Blood (The Extended Cut),1806779430,748000
286,287,Polo G,THE GOAT,1806223923,1949269
287,288,Bon Jovi,Slippery When Wet,1805235595,1207280
288,289,Jack Johnson,In Between Dreams,1802280771,839580
289,290,Morgan Wallen,Dangerous: The Double Album (Bonus),1801640874,3145614
290,291,Camilo,Por Primera Vez,1799692716,1094403
291,292,Lady Gaga,Chromatica,1799228205,1056579
292,293,Adele,19,1797822354,1767763
293,294,Coldplay,Parachutes,1791138623,1584361
294,295,The Lumineers,The Lumineers (Deluxe Edition),1790368714,672342
295,296,BTS,MAP OF THE SOUL : PERSONA,1789170197,1231024
296,297,Maluma,PAPI JUANCHO,1786706697,1461318
297,298,Chris Brown,Heartbreak On A Full Moon Deluxe Edition: Cuffing Season - 12 Days Of Christmas,1785434367,410185
298,299,Jess Glynne,Always in Between (Deluxe),1781169388,544589
299,300,J Balvin,Energía,1773429827,384786
300,301,Rae Sremmurd,SremmLife,1772611003,939206
301,302,The Weeknd,"My Dear Melancholy,",1767454499,851836
302,303,G-Eazy,The Beautiful & Damned (Deluxe Edition),1759662703,460343
303,304,NF,The Search,1759062805,1358835
304,305,Luke Combs,What You See Ain't Always What You Get (Deluxe Edition),1757659340,1918734
305,306,Justin Bieber,My Worlds (Oz Version),1756682874,1285261
306,307,Various Artists,The Twilight Saga: Breaking Dawn - Part 1 (Original Motion Picture Soundtrack),1755295342,1096140
307,308,Daniel Caesar,Freudian,1753403570,1001116
308,309,Kygo,Golden Hour,1751454777,1189916
309,310,A$AP Rocky,LONG.LIVE.A$AP (Deluxe Version),1744848883,639996
310,311,Lil Skies,Life of a Dark Rose,1743764006,511312
311,312,Logic,Everybody,1743401191,355590
312,313,Dreamville,Revenge Of The Dreamers III: Director's Cut,1740522053,913695
313,314,Nicky Jam,Intimo,1740097101,442824
314,315,The Neighbourhood,I Love You.,1739454102,1981365
315,316,Rihanna,Talk That Talk (Deluxe),1735713188,794352
316,317,Nio Garcia,Now Or Never,1733630459,817124
317,318,Ozuna,Enoc,1720591644,1469325
318,319,Lil Peep,"Come Over When You're Sober, Pt. 2",1715207500,1078635
319,320,Usher,Confessions (Expanded Edition),1712558699,1076413
320,321,Farruko,Gangalee,1711456092,599630
321,322,Queen,The Game (Deluxe Edition 2011 Remaster),1708922763,1146396
322,323,Sigala,Brighter Days,1705275253,399576
323,324,"Tyler, The Creator",Flower Boy,1702434351,1050703
324,325,Becky Hill,Get To Know,1699375371,814829
325,326,One Direction,Up All Night,1699068141,1027614
326,327,The 1975,The 1975 (Deluxe),1698659690,510052
327,328,Flo Rida,Wild Ones (Deluxe),1696908681,973677
328,329,Disclosure,Settle (Special Edition),1695741065,701009
329,330,Metro Boomin,NOT ALL HEROES WEAR CAPES (Deluxe),1695391383,1103341
330,331,Various Artists,Saturday Night Fever (The Original Movie Soundtrack Deluxe Edition),1692583192,1648389
331,332,The Lumineers,Cleopatra (Deluxe),1686444496,1006846
332,333,Mike Posner,"At Night, Alone. (Expanded Edition)",1686043961,-374092
333,334,21 Savage,Without Warning,1686028077,747263
334,335,Chris Brown,Indigo (Extended),1680138654,846048
335,336,Drake,What A Time To Be Alive,1678349763,305602
336,337,Jeremih,Late Nights: The Album,1676573847,707493
337,338,Lil Baby,Drip Harder,1673631073,853560
338,339,Bob Marley & The Wailers,Exodus 40 (40th Anniversary Deluxe Edition),1668404031,841602
339,340,Black Eyed Peas,Translation,1665123662,986818
340,341,The Notorious B.I.G.,Ready to Die (The Remaster),1663000253,991945
341,342,Mac Miller,Swimming,1656994667,1167839
342,343,Lil Mosey,Certified Hitmaker (AVA Leak),1653101250,854467
343,344,J Balvin,JOSE,1651419035,5802894
344,345,Twenty One Pilots,Trench,1646524789,690689
345,346,Robin Schulz,Sugar,1643739282,400416
346,347,Pitbull,Globalization,1642076276,794283
347,348,P!nk,The Truth About Love,1640984588,990907
348,349,Michael Jackson,Bad 25th Anniversary,1639254235,1159148
349,350,Kid Cudi,Man On The Moon: The End Of Day,1636525182,1375699
350,351,Green Day,American Idiot (Deluxe),1636105190,880265
351,352,Rauw Alejandro,Afrodisíaco,1628669448,1679910
352,353,DaBaby,KIRK,1625250306,742107
353,354,Jack Harlow,Thats What They All Say,1620180326,1987707
354,355,Little Mix,Get Weird (Expanded Edition),1617372235,756429
355,356,Eminem,Revival,1614454986,357456
356,357,SAINt JHN,While The World Was Burning,1611312941,924383
357,358,Rae Sremmurd,SremmLife 2 (Deluxe),1603477549,408844
358,359,KAROL G,OCEAN,1603433656,683736
359,360,French Montana,Jungle Rules,1600517053,451883
360,361,Coldplay,Viva La Vida (Prospekt's March Edition),1600160418,715431
361,362,Lil Peep,"Come Over When You're Sober, Pt. 1",1597843120,827388
362,363,David Guetta,One More Love (Deluxe),1588032020,1282939
363,364,21 Savage,i am > i was (Deluxe),1587087962,855253
364,365,Queen,Jazz (Deluxe Edition 2011 Remaster),1580384734,936414
365,366,JAY-Z,Watch The Throne (Deluxe),1579322150,935118
366,367,Arctic Monkeys,Favourite Worst Nightmare,1566509214,1263383
367,368,BTS,Love Yourself 承 'Her',1566224495,982578
368,369,Mau y Ricky,Para Aventuras y Curiosidades,1562943745,506883
369,370,Travis Scott,Rodeo (Expanded Edition),1562452883,891193
370,371,Lil Tjay,True 2 Myself,1561219806,1275280
371,372,Gorillaz,Demon Days,1559592032,1008790
372,373,Coldplay,Mylo Xyloto,1548770255,641862
373,374,Conan Gray,Kid Krow,1546206076,1773646
374,375,Miley Cyrus,The Time Of Our Lives (International Version),1541615159,974307
375,376,Of Monsters and Men,My Head Is An Animal,1539261000,713505
376,377,Kendrick Lamar,To Pimp A Butterfly,1535655221,610827
377,378,H.E.R.,H.E.R.,1527978126,716232
378,379,Ellie Goulding,Brightest Blue,1526929886,562609
379,380,Taylor Swift,evermore (deluxe version),1525118354,2792752
380,381,Playboi Carti,Playboi Carti,1524009421,1128347
381,382,OMI,Me 4 U,1521916763,404786
382,383,Mumford & Sons,Sigh No More,1519256932,509143
383,384,Daft Punk,Random Access Memories,1517859674,692729
384,385,Meek Mill,Championships,1517779482,559251
385,386,24kGoldn,El Dorado,1516355101,1525382
386,387,Mark Ronson,Uptown Special,1515265759,596132
387,388,Pitbull,Global Warming: Meltdown (Deluxe Version),1512993474,913652
388,389,Red Hot Chili Peppers,By the Way (Deluxe Edition),1511724696,832145
389,390,Miley Cyrus,Plastic Hearts,1510703668,1719409
390,391,5 Seconds of Summer,5 Seconds Of Summer (Deluxe),1510588337,584448
391,392,Maluma,11:11,1507221194,571454
392,393,Black Eyed Peas,THE E.N.D. (THE ENERGY NEVER DIES) [Deluxe Version],1503716241,1162898
393,394,alt-J,An Awesome Wave (Deluxe Version),1498939867,649353
394,395,J. Cole,Born Sinner (Deluxe Version),1495808833,1176486
395,396,Machine Gun Kelly,Tickets To My Downfall (SOLD OUT Deluxe),1491735577,1888148
396,397,Jack Ü,Skrillex and Diplo present Jack Ü,1487834839,270944
397,398,fun.,Some Nights (Deluxe),1486653215,639030
398,399,Fifth Harmony,Reflection (Japan Deluxe Edition),1486502726,378060
399,400,Demi Lovato,Demi (Deluxe),1484690910,718487
400,401,Myke Towers,Easy Money Baby,1481925661,943310
401,402,blink-182,Enema Of The State,1481548492,831189
402,403,Nicki Minaj,Pink Friday ... Roman Reloaded (Deluxe Edition),1480116124,729012
403,404,Childish Gambino,Because the Internet,1477869507,515836
404,405,Justin Bieber,Believe (Deluxe Edition),1477061927,664128
405,406,Coldplay,X&Y,1474866320,738157
406,407,KYLE,Light of Mine (Deluxe),1474482888,352926
407,408,Big Sean,I Decided.,1470244768,275334
408,409,Sam Hunt,Montevallo,1467984558,375581
409,410,Mustard,Perfect Ten,1467107083,726680
410,411,Childish Gambino,"""Awaken, My Love!""",1463556028,656440
411,412,The 1975,"I like it when you sleep, for you are so beautiful yet so unaware of it",1457274970,505554
412,413,Eminem,Relapse: Refill,1456209855,590608
413,414,George Ezra,Wanted on Voyage (Expanded Edition),1455936882,470511
414,415,"Tyler, The Creator",IGOR,1454294765,1603930
415,416,Taylor Swift,Fearless (Platinum Edition),1453758691,860187
416,417,Enrique Iglesias,SEX AND LOVE (Deluxe),1448865787,448771
417,418,Milky Chance,Sadnecessary,1446070052,716544
418,419,Florence + The Machine,Lungs (Deluxe Edition),1445985811,796066
419,420,21 Savage,Issa Album,1443126947,433414
420,421,J. Cole,KOD,1442201349,419399
421,422,The Notorious B.I.G.,Life After Death (2014 Remastered Edition),1441970518,836091
422,423,J. Cole,4 Your Eyez Only,1441778142,483132
423,424,George Ezra,Staying at Tamara's,1438354158,560096
424,425,Kodak Black,Dying to Live,1437757064,495526
425,426,Eminem,Encore (Deluxe Version),1437235487,629031
426,427,Journey,Escape,1432139788,853572
427,428,Troye Sivan,Blue Neighbourhood (Deluxe),1430669854,352117
428,429,Big Sean,Dark Sky Paradise (Deluxe),1429602619,479151
429,430,AJR,The Click (Deluxe Edition),1426895827,695055
430,431,Dermot Kennedy,Without Fear (The Complete Edition),1426121617,1196947
431,432,Drake,Certified Lover Boy,1425166490,9279714
432,433,Kodak Black,Project Baby 2: All Grown Up (Deluxe Edition),1422925572,499289
433,434,U2,The Joshua Tree (Super Deluxe),1422529966,946261
434,435,Lil Pump,Lil Pump,1422456955,168616
435,436,Red Hot Chili Peppers,Blood Sugar Sex Magik (Deluxe Edition),1421888324,786605
436,437,Alesso,Forever,1421740710,398214
437,438,Nick Jonas,Last Year Was Complicated,1419175947,319736
438,439,Internet Money,B4 The Storm (Complete Edition),1417046496,1230068
439,440,OneRepublic,Human (Deluxe),1415475816,1723324
440,441,Sech,Sueños,1405570026,496922
441,442,MGMT,Oracular Spectacular,1405040991,708522
442,443,Polo G,Die A Legend,1404379251,1076590
443,444,Macklemore,GEMINI,1402771852,402156
444,445,Iggy Azalea,Reclassified,1401916848,437807
445,446,Future,High Off Life,1397639851,852199
446,447,Eagles,Hotel California (40th Anniversary Expanded Edition),1397096893,915605
447,448,Various Artists,8 Mile,1396324622,722764
448,449,Morgan Wallen,If I Know Me,1394076301,1213062
449,450,Lunay,Épico,1393781804,469170
450,451,Playboi Carti,Die Lit,1393220012,1847651
451,452,Reik,Ahora,1388489412,410474
452,453,Morat,Balas Perdidas (Edición Especial),1386565941,873379
453,454,Demi Lovato,Confident (Deluxe Edition),1384072798,498595
454,455,Queen,News Of The World (Deluxe Edition 2011 Remaster),1379909099,820300
455,456,Linkin Park,Minutes to Midnight,1375550108,688912
456,457,Joji,Nectar,1373740922,1656415
457,458,Florence + The Machine,Between Two Lungs,1372471702,769384
458,459,gnash,we,1372069843,389668
459,460,Jason Derulo,Everything Is 4,1369634009,278798
460,461,A$AP Rocky,TESTING,1369124242,848957
461,462,James Arthur,YOU,1367384787,666425
462,463,Tiësto,The London Sessions,1364840700,513758
463,464,Lil Wayne,Tha Carter IV (Deluxe),1362796024,687080
464,465,Aya Nakamura,NAKAMURA (Deluxe Edition),1361626253,688539
465,466,Wisin,Victory,1360791646,342907
466,467,Mariah Carey,Merry Christmas (Deluxe Anniversary Edition),1359380458,1324510
467,468,Mumford & Sons,Babel (Deluxe Version),1346480529,378388
468,469,Green Day,Dookie,1343255206,781027
469,470,TOTO,Toto IV,1342161691,764622
470,471,Lost Frequencies,Less is More,1339177310,520749
471,472,Don Toliver,Heaven Or Hell,1338835819,1153549
472,473,Kanye West,Late Registration,1337878650,699524
473,474,John Mayer,Continuum,1335933879,589578
474,475,Lil Wayne,Tha Carter V (Deluxe),1331826544,438537
475,476,Chris Brown,X (Expanded Edition),1331409459,378970
476,477,Lana Del Rey,Lust For Life,1328321528,530088
477,478,Maroon 5,Hands All Over (Revised International Deluxe),1327183921,664742
478,479,The Neighbourhood,Wiped Out!,1322459837,1356258
479,480,Pink Floyd,The Dark Side Of The Moon (2011 Remastered Version),1320350335,-2620051
480,481,Florida Georgia Line,Here's To The Good Times...This Is How We Roll,1319001786,439190
481,482,Romeo Santos,Golden,1318308028,650528
482,483,Led Zeppelin,Led Zeppelin IV (Deluxe Edition),1316460265,799689
483,484,Evanescence,Fallen,1313134084,784520
484,485,Train,"Save Me, San Francisco (Golden Gate Edition)",1312523958,706258
485,486,Fall Out Boy,Save Rock And Roll,1310800278,443916
486,487,blackbear,everything means nothing,1309049228,943695
487,488,Nicki Minaj,Pink Friday (Complete Edition),1306070772,820563
488,489,Pearl Jam,Ten,1305815706,764821
489,490,Galantis,The Aviary,1303374414,253437
490,491,Lil Uzi Vert,Lil Uzi Vert vs. The World,1302462431,412598
491,492,Disclosure,ENERGY (Special Edition),1299769262,578912
492,493,Arctic Monkeys,"Whatever People Say I Am, That's What I'm Not",1298682329,685285
493,494,Maluma,"Pretty Boy, Dirty Boy",1298579330,334035
494,495,Rauw Alejandro,VICE VERSA,1297026600,6060377
495,496,Avicii,TIM,1296009146,422840
496,497,6ix9ine,Day69: Graduation Day,1294041801,253090
497,498,Lady Gaga,Joanne (Deluxe),1287317328,405914
498,499,The Beatles,The Beatles,1285544179,744177
499,500,Skillet,Vital Signs,1285283838,658443
