,name,playcount,listeners,mbid,url,streamable,image
0,Kanye West,466143817,5189790,164f0d73-1234-4e2c-8743-d77bf2191051,https://www.last.fm/music/Kanye+West,0,"[{'#text': 'https://lastfm.freetls.fastly.net/i/u/34s/2a96cbd8b46e442fc41c2b86b821562f.png', 'size': 'small'}, {'#text': 'https://lastfm.freetls.fastly.net/i/u/64s/2a96cbd8b46e442fc41c2b86b821562f.png', 'size': 'medium'}, {'#text': 'https://lastfm.freetls.fastly.net/i/u/174s/2a96cbd8b46e442fc41c2b86b821562f.png', 'size': 'large'}, {'#text': 'https://lastfm.freetls.fastly.net/i/u/300x300/2a96cbd8b46e442fc41c2b86b821562f.png', 'size': 'extralarge'}, {'#text': 'https://lastfm.freetls.fastly.net/i/u/300x300/2a96cbd8b46e442fc41c2b86b821562f.png', 'size': 'mega'}]"
1,The Weeknd,211380595,2235372,c8b03190-306c-4120-bb0b-6f2ebfc06ea9,https://www.last.fm/music/The+Weeknd,0,"[{'#text': 'https://lastfm.freetls.fastly.net/i/u/34s/2a96cbd8b46e442fc41c2b86b821562f.png', 'size': 'small'}, {'#text': 'https://lastfm.freetls.fastly.net/i/u/64s/2a96cbd8b46e442fc41c2b86b821562f.png', 'size': 'medium'}, {'#text': 'https://lastfm.freetls.fastly.net/i/u/174s/2a96cbd8b46e442fc41c2b86b821562f.png', 'size': 'large'}, {'#text': 'https://lastfm.freetls.fastly.net/i/u/300x300/2a96cbd8b46e442fc41c2b86b821562f.png', 'size': 'extralarge'}, {'#text': 'https://lastfm.freetls.fastly.net/i/u/300x300/2a96cbd8b46e442fc41c2b86b821562f.png', 'size': 'mega'}]"
2,Doja Cat,95903890,1125654,5df62a88-cac9-490a-b62c-c7c88f4020f4,https://www.last.fm/music/Doja+Cat,0,"[{'#text': 'https://lastfm.freetls.fastly.net/i/u/34s/2a96cbd8b46e442fc41c2b86b821562f.png', 'size': 'small'}, {'#text': 'https://lastfm.freetls.fastly.net/i/u/64s/2a96cbd8b46e442fc41c2b86b821562f.png', 'size': 'medium'}, {'#text': 'https://lastfm.freetls.fastly.net/i/u/174s/2a96cbd8b46e442fc41c2b86b821562f.png', 'size': 'large'}, {'#text': 'https://lastfm.freetls.fastly.net/i/u/300x300/2a96cbd8b46e442fc41c2b86b821562f.png', 'size': 'extralarge'}, {'#text': 'https://lastfm.freetls.fastly.net/i/u/300x300/2a96cbd8b46e442fc41c2b86b821562f.png', 'size': 'mega'}]"
3,Billie Eilish,143295949,1435715,,https://www.last.fm/music/Billie+Eilish,0,"[{'#text': 'https://lastfm.freetls.fastly.net/i/u/34s/2a96cbd8b46e442fc41c2b86b821562f.png', 'size': 'small'}, {'#text': 'https://lastfm.freetls.fastly.net/i/u/64s/2a96cbd8b46e442fc41c2b86b821562f.png', 'size': 'medium'}, {'#text': 'https://lastfm.freetls.fastly.net/i/u/174s/2a96cbd8b46e442fc41c2b86b821562f.png', 'size': 'large'}, {'#text': 'https://lastfm.freetls.fastly.net/i/u/300x300/2a96cbd8b46e442fc41c2b86b821562f.png', 'size': 'extralarge'}, {'#text': 'https://lastfm.freetls.fastly.net/i/u/300x300/2a96cbd8b46e442fc41c2b86b821562f.png', 'size': 'mega'}]"
4,Coldplay,426431295,6080834,cc197bad-dc9c-440d-a5b5-d52ba2e14234,https://www.last.fm/music/Coldplay,0,"[{'#text': 'https://lastfm.freetls.fastly.net/i/u/34s/2a96cbd8b46e442fc41c2b86b821562f.png', 'size': 'small'}, {'#text': 'https://lastfm.freetls.fastly.net/i/u/64s/2a96cbd8b46e442fc41c2b86b821562f.png', 'size': 'medium'}, {'#text': 'https://lastfm.freetls.fastly.net/i/u/174s/2a96cbd8b46e442fc41c2b86b821562f.png', 'size': 'large'}, {'#text': 'https://lastfm.freetls.fastly.net/i/u/300x300/2a96cbd8b46e442fc41c2b86b821562f.png', 'size': 'extralarge'}, {'#text': 'https://lastfm.freetls.fastly.net/i/u/300x300/2a96cbd8b46e442fc41c2b86b821562f.png', 'size': 'mega'}]"
5,Drake,253278487,4135884,b49b81cc-d5b7-4bdd-aadb-385df8de69a6,https://www.last.fm/music/Drake,0,"[{'#text': 'https://lastfm.freetls.fastly.net/i/u/34s/2a96cbd8b46e442fc41c2b86b821562f.png', 'size': 'small'}, {'#text': 'https://lastfm.freetls.fastly.net/i/u/64s/2a96cbd8b46e442fc41c2b86b821562f.png', 'size': 'medium'}, {'#text': 'https://lastfm.freetls.fastly.net/i/u/174s/2a96cbd8b46e442fc41c2b86b821562f.png', 'size': 'large'}, {'#text': 'https://lastfm.freetls.fastly.net/i/u/300x300/2a96cbd8b46e442fc41c2b86b821562f.png', 'size': 'extralarge'}, {'#text': 'https://lastfm.freetls.fastly.net/i/u/300x300/2a96cbd8b46e442fc41c2b86b821562f.png', 'size': 'mega'}]"
6,Taylor Swift,539930983,3010589,20244d07-534f-4eff-b4d4-930878889970,https://www.last.fm/music/Taylor+Swift,0,"[{'#text': 'https://lastfm.freetls.fastly.net/i/u/34s/2a96cbd8b46e442fc41c2b86b821562f.png', 'size': 'small'}, {'#text': 'https://lastfm.freetls.fastly.net/i/u/64s/2a96cbd8b46e442fc41c2b86b821562f.png', 'size': 'medium'}, {'#text': 'https://lastfm.freetls.fastly.net/i/u/174s/2a96cbd8b46e442fc41c2b86b821562f.png', 'size': 'large'}, {'#text': 'https://lastfm.freetls.fastly.net/i/u/300x300/2a96cbd8b46e442fc41c2b86b821562f.png', 'size': 'extralarge'}, {'#text': 'https://lastfm.freetls.fastly.net/i/u/300x300/2a96cbd8b46e442fc41c2b86b821562f.png', 'size': 'mega'}]"
7,Lil Nas X,45607496,1105352,,https://www.last.fm/music/Lil+Nas+X,0,"[{'#text': 'https://lastfm.freetls.fastly.net/i/u/34s/2a96cbd8b46e442fc41c2b86b821562f.png', 'size': 'small'}, {'#text': 'https://lastfm.freetls.fastly.net/i/u/64s/2a96cbd8b46e442fc41c2b86b821562f.png', 'size': 'medium'}, {'#text': 'https://lastfm.freetls.fastly.net/i/u/174s/2a96cbd8b46e442fc41c2b86b821562f.png', 'size': 'large'}, {'#text': 'https://lastfm.freetls.fastly.net/i/u/300x300/2a96cbd8b46e442fc41c2b86b821562f.png', 'size': 'extralarge'}, {'#text': 'https://lastfm.freetls.fastly.net/i/u/300x300/2a96cbd8b46e442fc41c2b86b821562f.png', 'size': 'mega'}]"
8,Adele,153466228,3428293,cc2c9c3c-b7bc-4b8b-84d8-4fbd8779e493,https://www.last.fm/music/Adele,0,"[{'#text': 'https://lastfm.freetls.fastly.net/i/u/34s/2a96cbd8b46e442fc41c2b86b821562f.png', 'size': 'small'}, {'#text': 'https://lastfm.freetls.fastly.net/i/u/64s/2a96cbd8b46e442fc41c2b86b821562f.png', 'size': 'medium'}, {'#text': 'https://lastfm.freetls.fastly.net/i/u/174s/2a96cbd8b46e442fc41c2b86b821562f.png', 'size': 'large'}, {'#text': 'https://lastfm.freetls.fastly.net/i/u/300x300/2a96cbd8b46e442fc41c2b86b821562f.png', 'size': 'extralarge'}, {'#text': 'https://lastfm.freetls.fastly.net/i/u/300x300/2a96cbd8b46e442fc41c2b86b821562f.png', 'size': 'mega'}]"
9,Ariana Grande,288427492,1902794,f4fdbb4c-e4b7-47a0-b83b-d91bbfcfa387,https://www.last.fm/music/Ariana+Grande,0,"[{'#text': 'https://lastfm.freetls.fastly.net/i/u/34s/2a96cbd8b46e442fc41c2b86b821562f.png', 'size': 'small'}, {'#text': 'https://lastfm.freetls.fastly.net/i/u/64s/2a96cbd8b46e442fc41c2b86b821562f.png', 'size': 'medium'}, {'#text': 'https://lastfm.freetls.fastly.net/i/u/174s/2a96cbd8b46e442fc41c2b86b821562f.png', 'size': 'large'}, {'#text': 'https://lastfm.freetls.fastly.net/i/u/300x300/2a96cbd8b46e442fc41c2b86b821562f.png', 'size': 'extralarge'}, {'#text': 'https://lastfm.freetls.fastly.net/i/u/300x300/2a96cbd8b46e442fc41c2b86b821562f.png', 'size': 'mega'}]"
10,"Tyler, the Creator",172153685,1493030,f6beac20-5dfe-4d1f-ae02-0b0a740aafd6,"https://www.last.fm/music/Tyler,+the+Creator",0,"[{'#text': 'https://lastfm.freetls.fastly.net/i/u/34s/2a96cbd8b46e442fc41c2b86b821562f.png', 'size': 'small'}, {'#text': 'https://lastfm.freetls.fastly.net/i/u/64s/2a96cbd8b46e442fc41c2b86b821562f.png', 'size': 'medium'}, {'#text': 'https://lastfm.freetls.fastly.net/i/u/174s/2a96cbd8b46e442fc41c2b86b821562f.png', 'size': 'large'}, {'#text': 'https://lastfm.freetls.fastly.net/i/u/300x300/2a96cbd8b46e442fc41c2b86b821562f.png', 'size': 'extralarge'}, {'#text': 'https://lastfm.freetls.fastly.net/i/u/300x300/2a96cbd8b46e442fc41c2b86b821562f.png', 'size': 'mega'}]"
11,Kendrick Lamar,182182630,2157740,381086ea-f511-4aba-bdf9-71c753dc5077,https://www.last.fm/music/Kendrick+Lamar,0,"[{'#text': 'https://lastfm.freetls.fastly.net/i/u/34s/2a96cbd8b46e442fc41c2b86b821562f.png', 'size': 'small'}, {'#text': 'https://lastfm.freetls.fastly.net/i/u/64s/2a96cbd8b46e442fc41c2b86b821562f.png', 'size': 'medium'}, {'#text': 'https://lastfm.freetls.fastly.net/i/u/174s/2a96cbd8b46e442fc41c2b86b821562f.png', 'size': 'large'}, {'#text': 'https://lastfm.freetls.fastly.net/i/u/300x300/2a96cbd8b46e442fc41c2b86b821562f.png', 'size': 'extralarge'}, {'#text': 'https://lastfm.freetls.fastly.net/i/u/300x300/2a96cbd8b46e442fc41c2b86b821562f.png', 'size': 'mega'}]"
12,Lana Del Rey,368795023,2545303,b7539c32-53e7-4908-bda3-81449c367da6,https://www.last.fm/music/Lana+Del+Rey,0,"[{'#text': 'https://lastfm.freetls.fastly.net/i/u/34s/2a96cbd8b46e442fc41c2b86b821562f.png', 'size': 'small'}, {'#text': 'https://lastfm.freetls.fastly.net/i/u/64s/2a96cbd8b46e442fc41c2b86b821562f.png', 'size': 'medium'}, {'#text': 'https://lastfm.freetls.fastly.net/i/u/174s/2a96cbd8b46e442fc41c2b86b821562f.png', 'size': 'large'}, {'#text': 'https://lastfm.freetls.fastly.net/i/u/300x300/2a96cbd8b46e442fc41c2b86b821562f.png', 'size': 'extralarge'}, {'#text': 'https://lastfm.freetls.fastly.net/i/u/300x300/2a96cbd8b46e442fc41c2b86b821562f.png', 'size': 'mega'}]"
13,Rihanna,249666581,5285246,db36a76f-4cdf-43ac-8cd0-5e48092d2bae,https://www.last.fm/music/Rihanna,0,"[{'#text': 'https://lastfm.freetls.fastly.net/i/u/34s/2a96cbd8b46e442fc41c2b86b821562f.png', 'size': 'small'}, {'#text': 'https://lastfm.freetls.fastly.net/i/u/64s/2a96cbd8b46e442fc41c2b86b821562f.png', 'size': 'medium'}, {'#text': 'https://lastfm.freetls.fastly.net/i/u/174s/2a96cbd8b46e442fc41c2b86b821562f.png', 'size': 'large'}, {'#text': 'https://lastfm.freetls.fastly.net/i/u/300x300/2a96cbd8b46e442fc41c2b86b821562f.png', 'size': 'extralarge'}, {'#text': 'https://lastfm.freetls.fastly.net/i/u/300x300/2a96cbd8b46e442fc41c2b86b821562f.png', 'size': 'mega'}]"
14,Olivia Rodrigo,74349802,836919,,https://www.last.fm/music/Olivia+Rodrigo,0,"[{'#text': 'https://lastfm.freetls.fastly.net/i/u/34s/2a96cbd8b46e442fc41c2b86b821562f.png', 'size': 'small'}, {'#text': 'https://lastfm.freetls.fastly.net/i/u/64s/2a96cbd8b46e442fc41c2b86b821562f.png', 'size': 'medium'}, {'#text': 'https://lastfm.freetls.fastly.net/i/u/174s/2a96cbd8b46e442fc41c2b86b821562f.png', 'size': 'large'}, {'#text': 'https://lastfm.freetls.fastly.net/i/u/300x300/2a96cbd8b46e442fc41c2b86b821562f.png', 'size': 'extralarge'}, {'#text': 'https://lastfm.freetls.fastly.net/i/u/300x300/2a96cbd8b46e442fc41c2b86b821562f.png', 'size': 'mega'}]"
15,Arctic Monkeys,407539841,4148815,ada7a83c-e3e1-40f1-93f9-3e73dbc9298a,https://www.last.fm/music/Arctic+Monkeys,0,"[{'#text': 'https://lastfm.freetls.fastly.net/i/u/34s/2a96cbd8b46e442fc41c2b86b821562f.png', 'size': 'small'}, {'#text': 'https://lastfm.freetls.fastly.net/i/u/64s/2a96cbd8b46e442fc41c2b86b821562f.png', 'size': 'medium'}, {'#text': 'https://lastfm.freetls.fastly.net/i/u/174s/2a96cbd8b46e442fc41c2b86b821562f.png', 'size': 'large'}, {'#text': 'https://lastfm.freetls.fastly.net/i/u/300x300/2a96cbd8b46e442fc41c2b86b821562f.png', 'size': 'extralarge'}, {'#text': 'https://lastfm.freetls.fastly.net/i/u/300x300/2a96cbd8b46e442fc41c2b86b821562f.png', 'size': 'mega'}]"
16,Frank Ocean,189705356,1880256,e520459c-dff4-491d-a6e4-c97be35e0044,https://www.last.fm/music/Frank+Ocean,0,"[{'#text': 'https://lastfm.freetls.fastly.net/i/u/34s/2a96cbd8b46e442fc41c2b86b821562f.png', 'size': 'small'}, {'#text': 'https://lastfm.freetls.fastly.net/i/u/64s/2a96cbd8b46e442fc41c2b86b821562f.png', 'size': 'medium'}, {'#text': 'https://lastfm.freetls.fastly.net/i/u/174s/2a96cbd8b46e442fc41c2b86b821562f.png', 'size': 'large'}, {'#text': 'https://lastfm.freetls.fastly.net/i/u/300x300/2a96cbd8b46e442fc41c2b86b821562f.png', 'size': 'extralarge'}, {'#text': 'https://lastfm.freetls.fastly.net/i/u/300x300/2a96cbd8b46e442fc41c2b86b821562f.png', 'size': 'mega'}]"
17,Lady Gaga,406878869,4531242,650e7db6-b795-4eb5-a702-5ea2fc46c848,https://www.last.fm/music/Lady+Gaga,0,"[{'#text': 'https://lastfm.freetls.fastly.net/i/u/34s/2a96cbd8b46e442fc41c2b86b821562f.png', 'size': 'small'}, {'#text': 'https://lastfm.freetls.fastly.net/i/u/64s/2a96cbd8b46e442fc41c2b86b821562f.png', 'size': 'medium'}, {'#text': 'https://lastfm.freetls.fastly.net/i/u/174s/2a96cbd8b46e442fc41c2b86b821562f.png', 'size': 'large'}, {'#text': 'https://lastfm.freetls.fastly.net/i/u/300x300/2a96cbd8b46e442fc41c2b86b821562f.png', 'size': 'extralarge'}, {'#text': 'https://lastfm.freetls.fastly.net/i/u/300x300/2a96cbd8b46e442fc41c2b86b821562f.png', 'size': 'mega'}]"
18,Dua Lipa,112368874,1325691,,https://www.last.fm/music/Dua+Lipa,0,"[{'#text': 'https://lastfm.freetls.fastly.net/i/u/34s/2a96cbd8b46e442fc41c2b86b821562f.png', 'size': 'small'}, {'#text': 'https://lastfm.freetls.fastly.net/i/u/64s/2a96cbd8b46e442fc41c2b86b821562f.png', 'size': 'medium'}, {'#text': 'https://lastfm.freetls.fastly.net/i/u/174s/2a96cbd8b46e442fc41c2b86b821562f.png', 'size': 'large'}, {'#text': 'https://lastfm.freetls.fastly.net/i/u/300x300/2a96cbd8b46e442fc41c2b86b821562f.png', 'size': 'extralarge'}, {'#text': 'https://lastfm.freetls.fastly.net/i/u/300x300/2a96cbd8b46e442fc41c2b86b821562f.png', 'size': 'mega'}]"
19,Ed Sheeran,125636792,2289813,b8a7c51f-362c-4dcb-a259-bc6e0095f0a6,https://www.last.fm/music/Ed+Sheeran,0,"[{'#text': 'https://lastfm.freetls.fastly.net/i/u/34s/2a96cbd8b46e442fc41c2b86b821562f.png', 'size': 'small'}, {'#text': 'https://lastfm.freetls.fastly.net/i/u/64s/2a96cbd8b46e442fc41c2b86b821562f.png', 'size': 'medium'}, {'#text': 'https://lastfm.freetls.fastly.net/i/u/174s/2a96cbd8b46e442fc41c2b86b821562f.png', 'size': 'large'}, {'#text': 'https://lastfm.freetls.fastly.net/i/u/300x300/2a96cbd8b46e442fc41c2b86b821562f.png', 'size': 'extralarge'}, {'#text': 'https://lastfm.freetls.fastly.net/i/u/300x300/2a96cbd8b46e442fc41c2b86b821562f.png', 'size': 'mega'}]"
20,Travis Scott,55148377,778536,e4a51f17-a57b-47b1-b37b-f552d0f8e9e6,https://www.last.fm/music/Travis+Scott,0,"[{'#text': 'https://lastfm.freetls.fastly.net/i/u/34s/2a96cbd8b46e442fc41c2b86b821562f.png', 'size': 'small'}, {'#text': 'https://lastfm.freetls.fastly.net/i/u/64s/2a96cbd8b46e442fc41c2b86b821562f.png', 'size': 'medium'}, {'#text': 'https://lastfm.freetls.fastly.net/i/u/174s/2a96cbd8b46e442fc41c2b86b821562f.png', 'size': 'large'}, {'#text': 'https://lastfm.freetls.fastly.net/i/u/300x300/2a96cbd8b46e442fc41c2b86b821562f.png', 'size': 'extralarge'}, {'#text': 'https://lastfm.freetls.fastly.net/i/u/300x300/2a96cbd8b46e442fc41c2b86b821562f.png', 'size': 'mega'}]"
21,Lorde,144139642,1888399,8e494408-8620-4c6a-82c2-c2ca4a1e4f12,https://www.last.fm/music/Lorde,0,"[{'#text': 'https://lastfm.freetls.fastly.net/i/u/34s/2a96cbd8b46e442fc41c2b86b821562f.png', 'size': 'small'}, {'#text': 'https://lastfm.freetls.fastly.net/i/u/64s/2a96cbd8b46e442fc41c2b86b821562f.png', 'size': 'medium'}, {'#text': 'https://lastfm.freetls.fastly.net/i/u/174s/2a96cbd8b46e442fc41c2b86b821562f.png', 'size': 'large'}, {'#text': 'https://lastfm.freetls.fastly.net/i/u/300x300/2a96cbd8b46e442fc41c2b86b821562f.png', 'size': 'extralarge'}, {'#text': 'https://lastfm.freetls.fastly.net/i/u/300x300/2a96cbd8b46e442fc41c2b86b821562f.png', 'size': 'mega'}]"
22,Radiohead,586084849,5263761,a74b1b7f-71a5-4011-9441-d0b5e4122711,https://www.last.fm/music/Radiohead,0,"[{'#text': 'https://lastfm.freetls.fastly.net/i/u/34s/2a96cbd8b46e442fc41c2b86b821562f.png', 'size': 'small'}, {'#text': 'https://lastfm.freetls.fastly.net/i/u/64s/2a96cbd8b46e442fc41c2b86b821562f.png', 'size': 'medium'}, {'#text': 'https://lastfm.freetls.fastly.net/i/u/174s/2a96cbd8b46e442fc41c2b86b821562f.png', 'size': 'large'}, {'#text': 'https://lastfm.freetls.fastly.net/i/u/300x300/2a96cbd8b46e442fc41c2b86b821562f.png', 'size': 'extralarge'}, {'#text': 'https://lastfm.freetls.fastly.net/i/u/300x300/2a96cbd8b46e442fc41c2b86b821562f.png', 'size': 'mega'}]"
23,Post Malone,91475601,1333722,,https://www.last.fm/music/Post+Malone,0,"[{'#text': 'https://lastfm.freetls.fastly.net/i/u/34s/2a96cbd8b46e442fc41c2b86b821562f.png', 'size': 'small'}, {'#text': 'https://lastfm.freetls.fastly.net/i/u/64s/2a96cbd8b46e442fc41c2b86b821562f.png', 'size': 'medium'}, {'#text': 'https://lastfm.freetls.fastly.net/i/u/174s/2a96cbd8b46e442fc41c2b86b821562f.png', 'size': 'large'}, {'#text': 'https://lastfm.freetls.fastly.net/i/u/300x300/2a96cbd8b46e442fc41c2b86b821562f.png', 'size': 'extralarge'}, {'#text': 'https://lastfm.freetls.fastly.net/i/u/300x300/2a96cbd8b46e442fc41c2b86b821562f.png', 'size': 'mega'}]"
24,Gorillaz,221833299,4184693,e21857d5-3256-4547-afb3-4b6ded592596,https://www.last.fm/music/Gorillaz,0,"[{'#text': 'https://lastfm.freetls.fastly.net/i/u/34s/2a96cbd8b46e442fc41c2b86b821562f.png', 'size': 'small'}, {'#text': 'https://lastfm.freetls.fastly.net/i/u/64s/2a96cbd8b46e442fc41c2b86b821562f.png', 'size': 'medium'}, {'#text': 'https://lastfm.freetls.fastly.net/i/u/174s/2a96cbd8b46e442fc41c2b86b821562f.png', 'size': 'large'}, {'#text': 'https://lastfm.freetls.fastly.net/i/u/300x300/2a96cbd8b46e442fc41c2b86b821562f.png', 'size': 'extralarge'}, {'#text': 'https://lastfm.freetls.fastly.net/i/u/300x300/2a96cbd8b46e442fc41c2b86b821562f.png', 'size': 'mega'}]"
25,Tame Impala,130418114,1765376,63aa26c3-d59b-4da4-84ac-716b54f1ef4d,https://www.last.fm/music/Tame+Impala,0,"[{'#text': 'https://lastfm.freetls.fastly.net/i/u/34s/2a96cbd8b46e442fc41c2b86b821562f.png', 'size': 'small'}, {'#text': 'https://lastfm.freetls.fastly.net/i/u/64s/2a96cbd8b46e442fc41c2b86b821562f.png', 'size': 'medium'}, {'#text': 'https://lastfm.freetls.fastly.net/i/u/174s/2a96cbd8b46e442fc41c2b86b821562f.png', 'size': 'large'}, {'#text': 'https://lastfm.freetls.fastly.net/i/u/300x300/2a96cbd8b46e442fc41c2b86b821562f.png', 'size': 'extralarge'}, {'#text': 'https://lastfm.freetls.fastly.net/i/u/300x300/2a96cbd8b46e442fc41c2b86b821562f.png', 'size': 'mega'}]"
26,Bruno Mars,79507798,2545109,afb680f2-b6eb-4cd7-a70b-a63b25c763d5,https://www.last.fm/music/Bruno+Mars,0,"[{'#text': 'https://lastfm.freetls.fastly.net/i/u/34s/2a96cbd8b46e442fc41c2b86b821562f.png', 'size': 'small'}, {'#text': 'https://lastfm.freetls.fastly.net/i/u/64s/2a96cbd8b46e442fc41c2b86b821562f.png', 'size': 'medium'}, {'#text': 'https://lastfm.freetls.fastly.net/i/u/174s/2a96cbd8b46e442fc41c2b86b821562f.png', 'size': 'large'}, {'#text': 'https://lastfm.freetls.fastly.net/i/u/300x300/2a96cbd8b46e442fc41c2b86b821562f.png', 'size': 'extralarge'}, {'#text': 'https://lastfm.freetls.fastly.net/i/u/300x300/2a96cbd8b46e442fc41c2b86b821562f.png', 'size': 'mega'}]"
27,The Beatles,604273569,4256977,b10bbbfc-cf9e-42e0-be17-e2c3e1d2600d,https://www.last.fm/music/The+Beatles,0,"[{'#text': 'https://lastfm.freetls.fastly.net/i/u/34s/2a96cbd8b46e442fc41c2b86b821562f.png', 'size': 'small'}, {'#text': 'https://lastfm.freetls.fastly.net/i/u/64s/2a96cbd8b46e442fc41c2b86b821562f.png', 'size': 'medium'}, {'#text': 'https://lastfm.freetls.fastly.net/i/u/174s/2a96cbd8b46e442fc41c2b86b821562f.png', 'size': 'large'}, {'#text': 'https://lastfm.freetls.fastly.net/i/u/300x300/2a96cbd8b46e442fc41c2b86b821562f.png', 'size': 'extralarge'}, {'#text': 'https://lastfm.freetls.fastly.net/i/u/300x300/2a96cbd8b46e442fc41c2b86b821562f.png', 'size': 'mega'}]"
28,Eminem,257716647,5179012,b95ce3ff-3d05-4e87-9e01-c97b66af13d4,https://www.last.fm/music/Eminem,0,"[{'#text': 'https://lastfm.freetls.fastly.net/i/u/34s/2a96cbd8b46e442fc41c2b86b821562f.png', 'size': 'small'}, {'#text': 'https://lastfm.freetls.fastly.net/i/u/64s/2a96cbd8b46e442fc41c2b86b821562f.png', 'size': 'medium'}, {'#text': 'https://lastfm.freetls.fastly.net/i/u/174s/2a96cbd8b46e442fc41c2b86b821562f.png', 'size': 'large'}, {'#text': 'https://lastfm.freetls.fastly.net/i/u/300x300/2a96cbd8b46e442fc41c2b86b821562f.png', 'size': 'extralarge'}, {'#text': 'https://lastfm.freetls.fastly.net/i/u/300x300/2a96cbd8b46e442fc41c2b86b821562f.png', 'size': 'mega'}]"
29,The Neighbourhood,76005544,1437267,97b8d224-5660-419c-8dff-4b3bf0c33983,https://www.last.fm/music/The+Neighbourhood,0,"[{'#text': 'https://lastfm.freetls.fastly.net/i/u/34s/2a96cbd8b46e442fc41c2b86b821562f.png', 'size': 'small'}, {'#text': 'https://lastfm.freetls.fastly.net/i/u/64s/2a96cbd8b46e442fc41c2b86b821562f.png', 'size': 'medium'}, {'#text': 'https://lastfm.freetls.fastly.net/i/u/174s/2a96cbd8b46e442fc41c2b86b821562f.png', 'size': 'large'}, {'#text': 'https://lastfm.freetls.fastly.net/i/u/300x300/2a96cbd8b46e442fc41c2b86b821562f.png', 'size': 'extralarge'}, {'#text': 'https://lastfm.freetls.fastly.net/i/u/300x300/2a96cbd8b46e442fc41c2b86b821562f.png', 'size': 'mega'}]"
30,Katy Perry,206320675,4391902,122d63fc-8671-43e4-9752-34e846d62a9c,https://www.last.fm/music/Katy+Perry,0,"[{'#text': 'https://lastfm.freetls.fastly.net/i/u/34s/2a96cbd8b46e442fc41c2b86b821562f.png', 'size': 'small'}, {'#text': 'https://lastfm.freetls.fastly.net/i/u/64s/2a96cbd8b46e442fc41c2b86b821562f.png', 'size': 'medium'}, {'#text': 'https://lastfm.freetls.fastly.net/i/u/174s/2a96cbd8b46e442fc41c2b86b821562f.png', 'size': 'large'}, {'#text': 'https://lastfm.freetls.fastly.net/i/u/300x300/2a96cbd8b46e442fc41c2b86b821562f.png', 'size': 'extralarge'}, {'#text': 'https://lastfm.freetls.fastly.net/i/u/300x300/2a96cbd8b46e442fc41c2b86b821562f.png', 'size': 'mega'}]"
31,Mac Miller,107820070,1620951,a0e8a1b1-5f8f-475a-a253-17415c17d0ff,https://www.last.fm/music/Mac+Miller,0,"[{'#text': 'https://lastfm.freetls.fastly.net/i/u/34s/2a96cbd8b46e442fc41c2b86b821562f.png', 'size': 'small'}, {'#text': 'https://lastfm.freetls.fastly.net/i/u/64s/2a96cbd8b46e442fc41c2b86b821562f.png', 'size': 'medium'}, {'#text': 'https://lastfm.freetls.fastly.net/i/u/174s/2a96cbd8b46e442fc41c2b86b821562f.png', 'size': 'large'}, {'#text': 'https://lastfm.freetls.fastly.net/i/u/300x300/2a96cbd8b46e442fc41c2b86b821562f.png', 'size': 'extralarge'}, {'#text': 'https://lastfm.freetls.fastly.net/i/u/300x300/2a96cbd8b46e442fc41c2b86b821562f.png', 'size': 'mega'}]"
32,Queen,236050298,4664518,420ca290-76c5-41af-999e-564d7c71f1a7,https://www.last.fm/music/Queen,0,"[{'#text': 'https://lastfm.freetls.fastly.net/i/u/34s/2a96cbd8b46e442fc41c2b86b821562f.png', 'size': 'small'}, {'#text': 'https://lastfm.freetls.fastly.net/i/u/64s/2a96cbd8b46e442fc41c2b86b821562f.png', 'size': 'medium'}, {'#text': 'https://lastfm.freetls.fastly.net/i/u/174s/2a96cbd8b46e442fc41c2b86b821562f.png', 'size': 'large'}, {'#text': 'https://lastfm.freetls.fastly.net/i/u/300x300/2a96cbd8b46e442fc41c2b86b821562f.png', 'size': 'extralarge'}, {'#text': 'https://lastfm.freetls.fastly.net/i/u/300x300/2a96cbd8b46e442fc41c2b86b821562f.png', 'size': 'mega'}]"
33,Justin Bieber,97996344,2325617,e0140a67-e4d1-4f13-8a01-364355bee46e,https://www.last.fm/music/Justin+Bieber,0,"[{'#text': 'https://lastfm.freetls.fastly.net/i/u/34s/2a96cbd8b46e442fc41c2b86b821562f.png', 'size': 'small'}, {'#text': 'https://lastfm.freetls.fastly.net/i/u/64s/2a96cbd8b46e442fc41c2b86b821562f.png', 'size': 'medium'}, {'#text': 'https://lastfm.freetls.fastly.net/i/u/174s/2a96cbd8b46e442fc41c2b86b821562f.png', 'size': 'large'}, {'#text': 'https://lastfm.freetls.fastly.net/i/u/300x300/2a96cbd8b46e442fc41c2b86b821562f.png', 'size': 'extralarge'}, {'#text': 'https://lastfm.freetls.fastly.net/i/u/300x300/2a96cbd8b46e442fc41c2b86b821562f.png', 'size': 'mega'}]"
34,Harry Styles,75021357,1062534,,https://www.last.fm/music/Harry+Styles,0,"[{'#text': 'https://lastfm.freetls.fastly.net/i/u/34s/2a96cbd8b46e442fc41c2b86b821562f.png', 'size': 'small'}, {'#text': 'https://lastfm.freetls.fastly.net/i/u/64s/2a96cbd8b46e442fc41c2b86b821562f.png', 'size': 'medium'}, {'#text': 'https://lastfm.freetls.fastly.net/i/u/174s/2a96cbd8b46e442fc41c2b86b821562f.png', 'size': 'large'}, {'#text': 'https://lastfm.freetls.fastly.net/i/u/300x300/2a96cbd8b46e442fc41c2b86b821562f.png', 'size': 'extralarge'}, {'#text': 'https://lastfm.freetls.fastly.net/i/u/300x300/2a96cbd8b46e442fc41c2b86b821562f.png', 'size': 'mega'}]"
35,Nirvana,266079350,4834765,9282c8b4-ca0b-4c6b-b7e3-4f7762dfc4d6,https://www.last.fm/music/Nirvana,0,"[{'#text': 'https://lastfm.freetls.fastly.net/i/u/34s/2a96cbd8b46e442fc41c2b86b821562f.png', 'size': 'small'}, {'#text': 'https://lastfm.freetls.fastly.net/i/u/64s/2a96cbd8b46e442fc41c2b86b821562f.png', 'size': 'medium'}, {'#text': 'https://lastfm.freetls.fastly.net/i/u/174s/2a96cbd8b46e442fc41c2b86b821562f.png', 'size': 'large'}, {'#text': 'https://lastfm.freetls.fastly.net/i/u/300x300/2a96cbd8b46e442fc41c2b86b821562f.png', 'size': 'extralarge'}, {'#text': 'https://lastfm.freetls.fastly.net/i/u/300x300/2a96cbd8b46e442fc41c2b86b821562f.png', 'size': 'mega'}]"
36,Childish Gambino,89673384,1532612,7fb57fba-a6ef-44c2-abab-2fa3bdee607e,https://www.last.fm/music/Childish+Gambino,0,"[{'#text': 'https://lastfm.freetls.fastly.net/i/u/34s/2a96cbd8b46e442fc41c2b86b821562f.png', 'size': 'small'}, {'#text': 'https://lastfm.freetls.fastly.net/i/u/64s/2a96cbd8b46e442fc41c2b86b821562f.png', 'size': 'medium'}, {'#text': 'https://lastfm.freetls.fastly.net/i/u/174s/2a96cbd8b46e442fc41c2b86b821562f.png', 'size': 'large'}, {'#text': 'https://lastfm.freetls.fastly.net/i/u/300x300/2a96cbd8b46e442fc41c2b86b821562f.png', 'size': 'extralarge'}, {'#text': 'https://lastfm.freetls.fastly.net/i/u/300x300/2a96cbd8b46e442fc41c2b86b821562f.png', 'size': 'mega'}]"
37,Miley Cyrus,122660597,2696452,7e9bd05a-117f-4cce-87bc-e011527a8b18,https://www.last.fm/music/Miley+Cyrus,0,"[{'#text': 'https://lastfm.freetls.fastly.net/i/u/34s/2a96cbd8b46e442fc41c2b86b821562f.png', 'size': 'small'}, {'#text': 'https://lastfm.freetls.fastly.net/i/u/64s/2a96cbd8b46e442fc41c2b86b821562f.png', 'size': 'medium'}, {'#text': 'https://lastfm.freetls.fastly.net/i/u/174s/2a96cbd8b46e442fc41c2b86b821562f.png', 'size': 'large'}, {'#text': 'https://lastfm.freetls.fastly.net/i/u/300x300/2a96cbd8b46e442fc41c2b86b821562f.png', 'size': 'extralarge'}, {'#text': 'https://lastfm.freetls.fastly.net/i/u/300x300/2a96cbd8b46e442fc41c2b86b821562f.png', 'size': 'mega'}]"
38,Elton John,70628357,3050392,b83bc61f-8451-4a5d-8b8e-7e9ed295e822,https://www.last.fm/music/Elton+John,0,"[{'#text': 'https://lastfm.freetls.fastly.net/i/u/34s/2a96cbd8b46e442fc41c2b86b821562f.png', 'size': 'small'}, {'#text': 'https://lastfm.freetls.fastly.net/i/u/64s/2a96cbd8b46e442fc41c2b86b821562f.png', 'size': 'medium'}, {'#text': 'https://lastfm.freetls.fastly.net/i/u/174s/2a96cbd8b46e442fc41c2b86b821562f.png', 'size': 'large'}, {'#text': 'https://lastfm.freetls.fastly.net/i/u/300x300/2a96cbd8b46e442fc41c2b86b821562f.png', 'size': 'extralarge'}, {'#text': 'https://lastfm.freetls.fastly.net/i/u/300x300/2a96cbd8b46e442fc41c2b86b821562f.png', 'size': 'mega'}]"
39,A$AP Rocky,86254069,1455912,25b7b584-d952-4662-a8b9-dd8cdfbfeb64,https://www.last.fm/music/A$AP+Rocky,0,"[{'#text': 'https://lastfm.freetls.fastly.net/i/u/34s/2a96cbd8b46e442fc41c2b86b821562f.png', 'size': 'small'}, {'#text': 'https://lastfm.freetls.fastly.net/i/u/64s/2a96cbd8b46e442fc41c2b86b821562f.png', 'size': 'medium'}, {'#text': 'https://lastfm.freetls.fastly.net/i/u/174s/2a96cbd8b46e442fc41c2b86b821562f.png', 'size': 'large'}, {'#text': 'https://lastfm.freetls.fastly.net/i/u/300x300/2a96cbd8b46e442fc41c2b86b821562f.png', 'size': 'extralarge'}, {'#text': 'https://lastfm.freetls.fastly.net/i/u/300x300/2a96cbd8b46e442fc41c2b86b821562f.png', 'size': 'mega'}]"
40,Paramore,227225990,3032442,728ea90d-279b-4201-a8c4-597830883150,https://www.last.fm/music/Paramore,0,"[{'#text': 'https://lastfm.freetls.fastly.net/i/u/34s/2a96cbd8b46e442fc41c2b86b821562f.png', 'size': 'small'}, {'#text': 'https://lastfm.freetls.fastly.net/i/u/64s/2a96cbd8b46e442fc41c2b86b821562f.png', 'size': 'medium'}, {'#text': 'https://lastfm.freetls.fastly.net/i/u/174s/2a96cbd8b46e442fc41c2b86b821562f.png', 'size': 'large'}, {'#text': 'https://lastfm.freetls.fastly.net/i/u/300x300/2a96cbd8b46e442fc41c2b86b821562f.png', 'size': 'extralarge'}, {'#text': 'https://lastfm.freetls.fastly.net/i/u/300x300/2a96cbd8b46e442fc41c2b86b821562f.png', 'size': 'mega'}]"
41,The Kid LAROI,29222780,611172,,https://www.last.fm/music/The+Kid+LAROI,0,"[{'#text': 'https://lastfm.freetls.fastly.net/i/u/34s/2a96cbd8b46e442fc41c2b86b821562f.png', 'size': 'small'}, {'#text': 'https://lastfm.freetls.fastly.net/i/u/64s/2a96cbd8b46e442fc41c2b86b821562f.png', 'size': 'medium'}, {'#text': 'https://lastfm.freetls.fastly.net/i/u/174s/2a96cbd8b46e442fc41c2b86b821562f.png', 'size': 'large'}, {'#text': 'https://lastfm.freetls.fastly.net/i/u/300x300/2a96cbd8b46e442fc41c2b86b821562f.png', 'size': 'extralarge'}, {'#text': 'https://lastfm.freetls.fastly.net/i/u/300x300/2a96cbd8b46e442fc41c2b86b821562f.png', 'size': 'mega'}]"
42,J. Cole,81243191,2104489,875203e1-8e58-4b86-8dcb-7190faf411c5,https://www.last.fm/music/J.+Cole,0,"[{'#text': 'https://lastfm.freetls.fastly.net/i/u/34s/2a96cbd8b46e442fc41c2b86b821562f.png', 'size': 'small'}, {'#text': 'https://lastfm.freetls.fastly.net/i/u/64s/2a96cbd8b46e442fc41c2b86b821562f.png', 'size': 'medium'}, {'#text': 'https://lastfm.freetls.fastly.net/i/u/174s/2a96cbd8b46e442fc41c2b86b821562f.png', 'size': 'large'}, {'#text': 'https://lastfm.freetls.fastly.net/i/u/300x300/2a96cbd8b46e442fc41c2b86b821562f.png', 'size': 'extralarge'}, {'#text': 'https://lastfm.freetls.fastly.net/i/u/300x300/2a96cbd8b46e442fc41c2b86b821562f.png', 'size': 'mega'}]"
43,Beyonc√©,211886822,4160865,859d0860-d480-4efd-970c-c05d5f1776b8,https://www.last.fm/music/Beyonc%C3%A9,0,"[{'#text': 'https://lastfm.freetls.fastly.net/i/u/34s/2a96cbd8b46e442fc41c2b86b821562f.png', 'size': 'small'}, {'#text': 'https://lastfm.freetls.fastly.net/i/u/64s/2a96cbd8b46e442fc41c2b86b821562f.png', 'size': 'medium'}, {'#text': 'https://lastfm.freetls.fastly.net/i/u/174s/2a96cbd8b46e442fc41c2b86b821562f.png', 'size': 'large'}, {'#text': 'https://lastfm.freetls.fastly.net/i/u/300x300/2a96cbd8b46e442fc41c2b86b821562f.png', 'size': 'extralarge'}, {'#text': 'https://lastfm.freetls.fastly.net/i/u/300x300/2a96cbd8b46e442fc41c2b86b821562f.png', 'size': 'mega'}]"
44,Britney Spears,243842522,3844425,45a663b5-b1cb-4a91-bff6-2bef7bbfdd76,https://www.last.fm/music/Britney+Spears,0,"[{'#text': 'https://lastfm.freetls.fastly.net/i/u/34s/2a96cbd8b46e442fc41c2b86b821562f.png', 'size': 'small'}, {'#text': 'https://lastfm.freetls.fastly.net/i/u/64s/2a96cbd8b46e442fc41c2b86b821562f.png', 'size': 'medium'}, {'#text': 'https://lastfm.freetls.fastly.net/i/u/174s/2a96cbd8b46e442fc41c2b86b821562f.png', 'size': 'large'}, {'#text': 'https://lastfm.freetls.fastly.net/i/u/300x300/2a96cbd8b46e442fc41c2b86b821562f.png', 'size': 'extralarge'}, {'#text': 'https://lastfm.freetls.fastly.net/i/u/300x300/2a96cbd8b46e442fc41c2b86b821562f.png', 'size': 'mega'}]"
45,Michael Jackson,155737246,4105634,f27ec8db-af05-4f36-916e-3d57f91ecf5e,https://www.last.fm/music/Michael+Jackson,0,"[{'#text': 'https://lastfm.freetls.fastly.net/i/u/34s/2a96cbd8b46e442fc41c2b86b821562f.png', 'size': 'small'}, {'#text': 'https://lastfm.freetls.fastly.net/i/u/64s/2a96cbd8b46e442fc41c2b86b821562f.png', 'size': 'medium'}, {'#text': 'https://lastfm.freetls.fastly.net/i/u/174s/2a96cbd8b46e442fc41c2b86b821562f.png', 'size': 'large'}, {'#text': 'https://lastfm.freetls.fastly.net/i/u/300x300/2a96cbd8b46e442fc41c2b86b821562f.png', 'size': 'extralarge'}, {'#text': 'https://lastfm.freetls.fastly.net/i/u/300x300/2a96cbd8b46e442fc41c2b86b821562f.png', 'size': 'mega'}]"
46,Playboi Carti,103310376,623016,,https://www.last.fm/music/Playboi+Carti,0,"[{'#text': 'https://lastfm.freetls.fastly.net/i/u/34s/2a96cbd8b46e442fc41c2b86b821562f.png', 'size': 'small'}, {'#text': 'https://lastfm.freetls.fastly.net/i/u/64s/2a96cbd8b46e442fc41c2b86b821562f.png', 'size': 'medium'}, {'#text': 'https://lastfm.freetls.fastly.net/i/u/174s/2a96cbd8b46e442fc41c2b86b821562f.png', 'size': 'large'}, {'#text': 'https://lastfm.freetls.fastly.net/i/u/300x300/2a96cbd8b46e442fc41c2b86b821562f.png', 'size': 'extralarge'}, {'#text': 'https://lastfm.freetls.fastly.net/i/u/300x300/2a96cbd8b46e442fc41c2b86b821562f.png', 'size': 'mega'}]"
47,Mitski,65453660,676526,fa58cf24-0e44-421d-8519-8bf461dcfaa5,https://www.last.fm/music/Mitski,0,"[{'#text': 'https://lastfm.freetls.fastly.net/i/u/34s/2a96cbd8b46e442fc41c2b86b821562f.png', 'size': 'small'}, {'#text': 'https://lastfm.freetls.fastly.net/i/u/64s/2a96cbd8b46e442fc41c2b86b821562f.png', 'size': 'medium'}, {'#text': 'https://lastfm.freetls.fastly.net/i/u/174s/2a96cbd8b46e442fc41c2b86b821562f.png', 'size': 'large'}, {'#text': 'https://lastfm.freetls.fastly.net/i/u/300x300/2a96cbd8b46e442fc41c2b86b821562f.png', 'size': 'extralarge'}, {'#text': 'https://lastfm.freetls.fastly.net/i/u/300x300/2a96cbd8b46e442fc41c2b86b821562f.png', 'size': 'mega'}]"
48,Clairo,38677566,787136,,https://www.last.fm/music/Clairo,0,"[{'#text': 'https://lastfm.freetls.fastly.net/i/u/34s/2a96cbd8b46e442fc41c2b86b821562f.png', 'size': 'small'}, {'#text': 'https://lastfm.freetls.fastly.net/i/u/64s/2a96cbd8b46e442fc41c2b86b821562f.png', 'size': 'medium'}, {'#text': 'https://lastfm.freetls.fastly.net/i/u/174s/2a96cbd8b46e442fc41c2b86b821562f.png', 'size': 'large'}, {'#text': 'https://lastfm.freetls.fastly.net/i/u/300x300/2a96cbd8b46e442fc41c2b86b821562f.png', 'size': 'extralarge'}, {'#text': 'https://lastfm.freetls.fastly.net/i/u/300x300/2a96cbd8b46e442fc41c2b86b821562f.png', 'size': 'mega'}]"
49,Fleetwood Mac,100123373,2695553,bd13909f-1c29-4c27-a874-d4aaf27c5b1a,https://www.last.fm/music/Fleetwood+Mac,0,"[{'#text': 'https://lastfm.freetls.fastly.net/i/u/34s/2a96cbd8b46e442fc41c2b86b821562f.png', 'size': 'small'}, {'#text': 'https://lastfm.freetls.fastly.net/i/u/64s/2a96cbd8b46e442fc41c2b86b821562f.png', 'size': 'medium'}, {'#text': 'https://lastfm.freetls.fastly.net/i/u/174s/2a96cbd8b46e442fc41c2b86b821562f.png', 'size': 'large'}, {'#text': 'https://lastfm.freetls.fastly.net/i/u/300x300/2a96cbd8b46e442fc41c2b86b821562f.png', 'size': 'extralarge'}, {'#text': 'https://lastfm.freetls.fastly.net/i/u/300x300/2a96cbd8b46e442fc41c2b86b821562f.png', 'size': 'mega'}]"
