Rank,Artist,Album,Total,EAS
1,Ed Sheeran,÷ (Deluxe),11134771433,11116841
2,Post Malone,beerbongs & bentleys,9389163476,9374044
3,Dua Lipa,Dua Lipa (Complete Edition),8738048733,8723978
4,Post Malone,Hollywood's Bleeding,8625381124,8611492
5,Ed Sheeran,x (Wembley Edition),8396308102,8382787
6,Billie Eilish,"WHEN WE ALL FALL ASLEEP, WHERE DO WE GO?",7944978137,7932184
7,Justin Bieber,Purpose (Deluxe),7865652829,7852987
8,Drake,Scorpion,7680500566,7668133
9,XXXTENTACION,?,7162062695,7150530
10,Drake,Views,7129366134,7117886
11,Post Malone,Stoney (Deluxe),6965715821,6954499
12,Dua Lipa,Future Nostalgia (The Moonlight Edition),6945219678,6934036
13,The Weeknd,Starboy,6419485732,6409148
14,The Weeknd,Beauty Behind The Madness,5947732502,5938155
15,Travis Scott,ASTROWORLD,5917328176,5907799
16,The Weeknd,After Hours (Deluxe),5829256146,5819869
17,Juice WRLD,Goodbye & Good Riddance,5814968570,5805605
18,Billie Eilish,dont smile at me (Expanded Edition),5807477671,5798126
19,Shawn Mendes,Shawn Mendes (Deluxe),5665636296,5656513
20,Ariana Grande,"thank u, next",5663149864,5654030
21,XXXTENTACION,17,5352637216,5344018
22,Imagine Dragons,Evolve,5308423018,5299875
23,Lewis Capaldi,Divinely Uninspired To A Hellish Extent (Extended Edition),5285190294,5276680
24,Twenty One Pilots,Blurryface,5139382947,5131107
25,Sam Smith,In The Lonely Hour (Deluxe),5114269747,5106034
26,Bad Bunny,YHLQMDLG,5110369387,5102140
27,Kendrick Lamar,DAMN.,5101152550,5092938
28,Harry Styles,Fine Line,5089595811,5081400
29,Drake,More Life,4991856644,4983818
30,Olivia Rodrigo,SOUR,4945632343,4937668
31,Shawn Mendes,Illuminate (Deluxe),4799954860,4792225
32,Khalid,American Teen (Japan Version),4783112296,4775410
33,Ariana Grande,Dangerous Woman,4724837895,4717229
34,Ed Sheeran,No.6 Collaborations Project,4717892492,4710295
35,Imagine Dragons,Night Visions (Deluxe),4676240189,4668710
36,Pop Smoke,Shoot For The Stars Aim For The Moon (Deluxe),4652183127,4644692
37,Maroon 5,Red Pill Blues (Deluxe),4628561687,4621108
38,Ariana Grande,My Everything (Deluxe),4558580094,4551239
39,Lin-Manuel Miranda,Hamilton (Original Broadway Cast Recording),4541761461,4534448
40,Rihanna,ANTI (Deluxe),4450579476,4443413
41,Anne-Marie,Speak Your Mind (Deluxe),4424439936,4417315
42,The Chainsmokers,Collage EP,4393176554,4386102
43,Bruno Mars,Doo-Wops & Hooligans,4315263192,4308314
44,Luis Fonsi,VIDA,4264656313,4257789
45,Charlie Puth,Nine Track Mind (Special Edition),4238387658,4231563
46,Zara Larsson,So Good,4185623270,4178883
47,Adele,25,4166155000,4159446
48,Clean Bandit,What Is Love? (Deluxe Edition),4137161526,4130499
49,Arctic Monkeys,AM,4099995491,4093393
50,Jonas Blue,Blue,4091461522,4084873
51,Alan Walker,Different World,4005820961,3999370
52,Maroon 5,V (Deluxe),3974040546,3967641
53,Lil Uzi Vert,Luv Is Rage 2 (Deluxe),3971848589,3965453
54,Juice WRLD,Legends Never Die,3930488923,3924160
55,Lady Gaga,A Star Is Born Soundtrack,3924707840,3918388
56,Adele,21,3883444928,3877191
57,Sam Smith,Love Goes,3874448662,3868210
58,Sia,This Is Acting (Deluxe Version),3858437221,3852224
59,Various Artists,The Greatest Showman (Original Motion Picture Soundtrack),3745313944,3739283
60,Bruno Mars,24K Magic,3744403753,3738374
61,Ariana Grande,Sweetener,3719343022,3713354
62,Cardi B,Invasion of Privacy,3691079411,3685136
63,Hozier,Hozier (Special Edition),3685524931,3679590
64,Bad Bunny,X 100PRE,3651213346,3645334
65,Justin Bieber,Justice (The Complete Edition),3617153667,3611329
66,The Kid LAROI,F*CK LOVE 3+: OVER YOU,3581621221,3575854
67,Taylor Swift,Lover,3556089192,3550363
68,Lana Del Rey,Born To Die – Paradise Edition (Special Version),3547751201,3542038
69,Shawn Mendes,Handwritten (Deluxe),3543827853,3538121
70,Camila Cabello,Romance,3537425223,3531729
71,Travis Scott,Birds In The Trap Sing McKnight,3507808610,3502160
72,Khalid,Free Spirit,3496977972,3491347
73,BTS,MAP OF THE SOUL : 7,3486022675,3480409
74,Eminem,The Eminem Show,3479098937,3473497
75,Katy Perry,Katy Perry - Teenage Dream: The Complete Confection,3479060075,3473458
76,The Chainsmokers,Memories...Do Not Open,3434830817,3429300
77,One Direction,Made In The A.M. (Deluxe Edition),3397125491,3391655
78,J. Cole,2014 Forest Hills Drive,3382896168,3377449
79,Halsey,Manic,3336436226,3331064
80,Major Lazer,Peace Is The Mission (Extended),3315952138,3310612
81,Various Artists,Spider-Man: Into the Spider-Verse (Soundtrack From & Inspired by the Motion Picture),3279922299,3274641
82,Taylor Swift,reputation (Big Machine Radio Release Special),3279299841,3274019
83,Lady Gaga,The Fame Monster (France Virgin Version),3268448823,3263186
84,Camila Cabello,Camila,3265934879,3260676
85,Juice WRLD,Death Race For Love,3238116700,3232902
86,Bruno Mars,Unorthodox Jukebox (Deluxe Edition),3235199282,3229990
87,Kygo,Cloud Nine,3176419805,3171305
88,Kanye West,The Life Of Pablo,3175767612,3170654
89,Bad Bunny,EL ÚLTIMO TOUR DEL MUNDO,3171980088,3166872
90,Drake,Take Care (Deluxe),3166703560,3161604
91,Tones And I,Welcome To The Madhouse (Deluxe),3155714116,3150632
92,David Guetta,Nothing but the Beat (Ultimate Edition),3120197567,3115173
93,Taylor Swift,1989 (Deluxe),3119827651,3114804
94,Calvin Harris,Motion,3107947613,3102943
95,Ava Max,Heaven & Hell,3104819828,3099820
96,Macklemore,The Heist (Deluxe Edition),3074365143,3069414
97,James Arthur,Back from the Edge,3069757382,3064814
98,Ed Sheeran,+,3057688293,3052764
99,Kendrick Lamar,Black Panther The Album Music From And Inspired By,3012764968,3007913
100,Nirvana,Nevermind (Super Deluxe Edition),2998492152,2993664
101,Kendrick Lamar,"good kid, m.A.A.d city (Deluxe)",2996913609,2992088
102,Lil Nas X,7 EP,2994164422,2989343
103,Linkin Park,Hybrid Theory (20th Anniversary Edition),2990125656,2985311
104,Drake,Nothing Was The Same (Deluxe),2935945719,2931218
105,David Guetta,7,2919563411,2914862
106,Various Artists,Fifty Shades Of Grey (Original Motion Picture Soundtrack),2915072400,2910378
107,Ozuna,Odisea,2909738992,2905053
108,Maroon 5,Overexposed Track By Track,2905099594,2900421
109,Lauv,I met you when I was 18. (the playlist),2903909571,2899233
110,Eminem,Recovery (Deluxe Edition),2902451738,2897778
111,Paulo Londra,Homerun,2888411876,2883761
112,Fleetwood Mac,Rumours (Super Deluxe),2886309517,2881662
113,Avicii,True (Bonus Edition),2880574840,2875936
114,Ellie Goulding,Delirium (Deluxe),2871256201,2866633
115,Eminem,The Marshall Mathers LP2 (Deluxe),2869205015,2864585
116,Ariana Grande,Positions (Deluxe),2858499030,2853896
117,Calvin Harris,18 Months,2855901026,2851302
118,Avicii,Stories,2852010918,2847418
119,David Guetta,Listen Again,2841449573,2836874
120,KAROL G,KG0516,2834902846,2830338
121,Lorde,Pure Heroine (Extended),2813529851,2808999
122,Melanie Martinez,Cry Baby (Deluxe Edition),2777809745,2773337
123,Rita Ora,Phoenix (Deluxe Edition),2765442027,2760989
124,benny blanco,FRIENDS KEEP SECRETS 2,2757743089,2753302
125,Guns N' Roses,Appetite For Destruction,2747915415,2743490
126,Anuel AA,Emmanuel,2718876224,2714498
127,Rihanna,Good Girl Gone Bad,2706006764,2701649
128,Various Artists,Vaiana (English Version/Original Motion Picture Soundtrack/Deluxe Edition),2701346385,2696996
129,Felix Jaehn,I,2697470783,2693127
130,One Direction,Midnight Memories (Deluxe),2685320783,2680997
131,Harry Styles,Harry Styles,2667801457,2663505
132,DJ Snake,Encore,2659940230,2655657
133,Frank Ocean,Blonde,2647693774,2643430
134,Migos,Culture II,2645430512,2641171
135,Sam Smith,The Thrill Of It All (Special Edition),2640568584,2636316
136,Lizzo,Cuz I Love You (Super Deluxe),2639471394,2635221
137,Sebastian Yatra,MANTRA,2617002045,2612788
138,Michael Jackson,Thriller 25 Super Deluxe Edition,2615336737,2611125
139,Roddy Ricch,Please Excuse Me for Being Antisocial,2610481141,2606277
140,Drake,If You're Reading This It's Too Late,2600392346,2596205
141,Selena Gomez,Revival (Deluxe),2592082036,2587908
142,Doja Cat,Planet Her (Deluxe),2579004652,2574852
143,Dr. Dre,2001,2575097486,2570951
144,Beyoncé,I AM...SASHA FIERCE - Platinum Edition,2562758129,2558631
145,One Direction,FOUR (Deluxe),2558185955,2554066
146,Vance Joy,Dream Your Life Away (Deluxe Edition),2551122071,2547014
147,Meghan Trainor,Title,2537734375,2533648
148,Katy Perry,PRISM (Deluxe),2535483185,2531400
149,Sia,1000 Forms Of Fear (Deluxe Version),2533800699,2529721
150,Liam Payne,LP1,2531420569,2527344
151,Oasis,"(What's The Story) Morning Glory? (Remastered, Deluxe)",2530733001,2526658
152,Kanye West,Graduation (Alternative Business Partners),2528372423,2524301
153,Beyoncé,BEYONCÉ [Platinum Edition],2521820044,2517759
154,ZAYN,Icarus Falls,2509354099,2505313
155,6ix9ine,DUMMY BOY,2499874341,2495849
156,J Balvin,Vibras,2499731655,2495706
157,NF,Perception,2493256863,2489242
158,Taylor Swift,folklore: the long pond studio sessions (from the Disney+ special) [deluxe edition],2490557339,2486547
159,Bryson Tiller,T R A P S O U L (Deluxe),2484029120,2480029
160,Eminem,Kamikaze,2472008728,2468028
161,Lauv,~how i'm feeling~,2463321179,2459354
162,Swedish House Mafia,Until Now,2450256180,2446311
163,Charlie Puth,Voicenotes,2442409683,2438477
164,Red Hot Chili Peppers,Californication (Deluxe Edition),2440625100,2436695
165,Luke Combs,This One's for You Too (Deluxe Edition),2440144541,2436215
166,Imagine Dragons,Smoke + Mirrors (Deluxe),2438758102,2434831
167,Doja Cat,Hot Pink,2437916544,2433991
168,Coldplay,A Head Full of Dreams,2430859102,2426945
169,Lil Uzi Vert,Eternal Atake (Deluxe) - LUV vs. The World 2,2429846592,2425934
170,Nicki Minaj,The Pinkprint (Deluxe Edition),2423445896,2419543
171,Nicky Jam,Fénix,2421981786,2418082
172,Amy Winehouse,Back To Black (Deluxe Edition),2409815713,2405935
173,Shakira,El Dorado,2409773318,2405893
174,Migos,Culture,2401795756,2397928
175,Michael Bublé,Christmas (Deluxe Special Edition),2389042921,2385196
176,Imagine Dragons,Origins (Deluxe),2387942081,2384097
177,DJ Snake,Carte Blanche (Deluxe),2368494904,2364681
178,Rihanna,Unapologetic (Deluxe),2363903242,2360097
179,Metallica,Metallica (Remastered Deluxe Box Set),2351371943,2347586
180,Justin Bieber,Changes,2351082440,2347296
181,Queen,A Night At The Opera (Deluxe Edition 2011 Remaster),2338673204,2334907
182,Bazzi,COSMIC,2332462832,2328707
183,Eminem,Music To Be Murdered By - Side B (Deluxe Edition),2327929823,2324181
184,Calvin Harris,Funk Wav Bounces Vol.1,2318736811,2315003
185,Linkin Park,Meteora (Bonus Edition),2317990583,2314258
186,One Direction,Take Me Home (Expanded Edition),2311038230,2307317
187,Alessia Cara,Know-It-All (Deluxe),2310456195,2306736
188,Tove Lo,Queen Of The Clouds (Blueprint Edition),2292475848,2288784
189,Lil Tecca,We Love You Tecca,2288762384,2285077
190,Ozuna,Aura,2272777454,2269118
191,Lil Nas X,MONTERO,2267693257,2264042
192,50 Cent,Get Rich Or Die Tryin',2266491058,2262841
193,DJ Khaled,Grateful,2259136938,2255499
194,A Boogie Wit da Hoodie,Hoodie SZN,2253861715,2250232
195,Taylor Swift,Red (Deluxe Edition),2251653914,2248028
196,The Killers,Hot Fuss,2239498146,2235892
197,BTS,BE,2230059760,2226469
198,OneRepublic,Native (Deluxe),2218920047,2215347
199,Bebe Rexha,Expectations,2206848783,2203295
200,James Bay,Chaos And The Calm (Deluxe Edition),2205296435,2201745
201,Maroon 5,Songs About Jane: 10th Anniversary Edition,2204569571,2201020
202,5 Seconds of Summer,Youngblood (Deluxe),2199574734,2196033
203,Kanye West,My Beautiful Dark Twisted Fantasy,2194148914,2190616
204,G-Eazy,When It's Dark Out (Deluxe Edition),2188541477,2185017
205,Niall Horan,Flicker (Deluxe),2186301916,2182781
206,Enrique Iglesias,FINAL (Vol.1),2185507084,2181988
207,Coldplay,A Rush of Blood to the Head,2174773090,2171271
208,Frank Ocean,channel ORANGE (Explicit Version),2172086271,2168589
209,Tyga,Legendary (Deluxe Edition),2171939564,2168442
210,DaBaby,BLAME IT ON BABY (DELUXE),2167648806,2164158
211,Eminem,The Marshall Mathers LP,2160317727,2156839
212,Kygo,Stargazing - EP,2156959211,2153486
213,Romeo Santos,"Fórmula, Vol. 2 (Deluxe Edition) [Clean Version]",2146424928,2142969
214,J Balvin,Colores,2145310844,2141856
215,SZA,Ctrl,2144313234,2140860
216,Jax Jones,Snacks (Supersize),2142567678,2139117
217,AC/DC,Back In Black,2134709249,2131272
218,ZAYN,Mind Of Mine (Japan Version),2133017435,2129583
219,Jess Glynne,I Cry When I Laugh,2129489392,2126060
220,Little Mix,Glory Days (Expanded Edition),2127743634,2124317
221,Panic! At The Disco,Pray for the Wicked,2123863543,2120443
222,Dean Lewis,A Place We Knew,2107611829,2104218
223,BTS,You Never Walk Alone,2102811285,2099425
224,Rihanna,Loud,2093297699,2089927
225,Mabel,High Expectations,2093233905,2089863
226,Ellie Goulding,Halcyon Days,2088171928,2084809
227,Halsey,BADLANDS (Live From Webster Hall),2086670090,2083310
228,Tame Impala,Currents,2081367286,2078016
229,DNCE,DNCE,2075199062,2071857
230,Chance the Rapper,Coloring Book,2072054235,2068718
231,BTS,Love Yourself 轉 'Tear',2054984999,2051676
232,Trolls,TROLLS (Original Motion Picture Soundtrack),2051266304,2047963
233,Fetty Wap,Fetty Wap,2047142728,2043846
234,Calum Scott,Only Human (Special Edition),2041071119,2037784
235,Flo Rida,My House,2031925573,2028654
236,Lukas Graham,Lukas Graham (Blue Album),2026829483,2023566
237,Becky G,MALA SANTA,2024221575,2020962
238,Maroon 5,JORDI (Deluxe),2023303795,2020046
239,J Balvin,OASIS,2011847368,2008608
240,Joji,BALLADS 1,2011110138,2007872
241,Fifth Harmony,7/27 (Japan Deluxe Edition),2008489750,2005255
242,Danny Ocean,54+1,1997592111,1994375
243,Manuel Turizo,ADN,1996428082,1993213
244,Various Artists,Frozen (Original Motion Picture Soundtrack / Deluxe Edition),1992232652,1989025
245,Future,FUTURE,1991637499,1988430
246,Maluma,F.A.M.E.,1985364700,1982168
247,Billie Eilish,Happier Than Ever,1974801033,1971621
248,My Chemical Romance,The Black Parade / Living with Ghosts (The 10th Anniversary Edition),1972803278,1969626
249,Axwell /\ Ingrosso,More Than You Know,1969063383,1965893
250,Khalid,Suncity,1966068973,1962903
251,Jason Derulo,Tattoos (Deluxe Edition),1965173740,1962009
252,Various Artists,Fifty Shades Darker (Original Motion Picture Soundtrack),1962509145,1959349
253,Halsey,hopeless fountain kingdom,1958735108,1955581
254,Jason Mraz,We Sing. We Dance. We Steal Things. (Deluxe Edition),1950303873,1947163
255,Twenty One Pilots,Vessel,1948031182,1944894
256,Beyoncé,4,1946463507,1943329
257,Panic! At The Disco,Death of a Bachelor,1944473663,1941342
258,System Of A Down,Toxicity,1943736529,1940607
259,John Legend,Love In The Future (Expanded Edition),1942548885,1939421
260,Jonas Brothers,Happiness Begins,1936465277,1933347
261,Miley Cyrus,Bangerz (Deluxe Version),1927189883,1924087
262,Demi Lovato,Tell Me You Love Me (Deluxe),1926805103,1923702
263,Robin Schulz,Prayer,1926783803,1923681
264,MEDUZA,Introducing MEDUZA,1924033500,1920935
265,Passenger,All the Little Lights (Deluxe Version),1922426574,1919331
266,Selena Gomez,Rare (Deluxe),1898004688,1894948
267,Nicki Minaj,Queen,1884887149,1881852
268,The Beatles,Abbey Road (Remastered),1883422131,1880389
269,2Pac,All Eyez On Me,1883168017,1880136
270,Pop Smoke,Meet The Woo 2 (Deluxe),1880236729,1877209
271,Pink Floyd,The Wall (Remastered),1876452961,1873431
272,Russ,There's Really A Wolf,1870556368,1867544
273,Red Hot Chili Peppers,Stadium Arcadium,1864421815,1861420
274,Coldplay,Ghost Stories,1861671321,1858673
275,Foster The People,Torches,1856317136,1853328
276,Kings of Leon,Only By The Night,1851624895,1848643
277,Fall Out Boy,American Beauty/American Psycho,1844280455,1841311
278,Lil Baby,My Turn (Deluxe),1839712998,1836750
279,Young Thug,So Much Fun (Deluxe),1834271293,1831318
280,Alec Benjamin,Narrated For You,1833741282,1830788
281,Drake,Dark Lane Demo Tapes,1824552649,1821615
282,Lorde,Melodrama,1823886686,1820950
283,BLACKPINK,THE ALBUM,1816472736,1813548
284,The Chainsmokers,Sick Boy,1812700821,1809782
285,Polo G,THE GOAT,1809998720,1807084
286,The Chainsmokers,World War Joy,1809451394,1806538
287,Bastille,Bad Blood (The Extended Cut),1808208920,1805297
288,Morgan Wallen,Dangerous: The Double Album (Bonus),1807671637,1804761
289,Bon Jovi,Slippery When Wet,1807333579,1804423
290,Jack Johnson,In Between Dreams,1803870253,1800965
291,Camilo,Por Primera Vez,1801635302,1798734
292,Adele,19,1801302643,1798402
293,Lady Gaga,Chromatica,1801161819,1798261
294,Coldplay,Parachutes,1794360160,1791471
295,BTS,MAP OF THE SOUL : PERSONA,1791749750,1788864
296,The Lumineers,The Lumineers (Deluxe Edition),1791680555,1788795
297,Maluma,PAPI JUANCHO,1789236588,1786355
298,Chris Brown,Heartbreak On A Full Moon Deluxe Edition: Cuffing Season - 12 Days Of Christmas,1786205422,1783329
299,Jess Glynne,Always in Between (Deluxe),1782194389,1779325
300,Rae Sremmurd,SremmLife,1774392154,1771535
301,J Balvin,Energía,1774074808,1771218
302,The Weeknd,"My Dear Melancholy,",1769144192,1766295
303,NF,The Search,1761832422,1758995
304,Luke Combs,What You See Ain't Always What You Get (Deluxe Edition),1761148280,1758312
305,G-Eazy,The Beautiful & Damned (Deluxe Edition),1760551497,1757716
306,Justin Bieber,My Worlds (Oz Version),1759079357,1756247
307,Various Artists,The Twilight Saga: Breaking Dawn - Part 1 (Original Motion Picture Soundtrack),1757543422,1754713
308,Daniel Caesar,Freudian,1755507006,1752680
309,Kygo,Golden Hour,1753671671,1750848
310,A$AP Rocky,LONG.LIVE.A$AP (Deluxe Version),1746062521,1743251
311,Lil Skies,Life of a Dark Rose,1744781446,1741972
312,Logic,Everybody,1744130276,1741322
313,The Neighbourhood,I Love You.,1743457028,1740650
314,Dreamville,Revenge Of The Dreamers III: Director's Cut,1742297151,1739492
315,Nicky Jam,Intimo,1740847165,1738044
316,Rihanna,Talk That Talk (Deluxe),1737119886,1734323
317,Nio Garcia,Now Or Never,1735040327,1732246
318,Ozuna,Enoc,1723117625,1720343
319,Lil Peep,"Come Over When You're Sober, Pt. 2",1717436222,1714671
320,Usher,Confessions (Expanded Edition),1714386790,1711626
321,Farruko,Gangalee,1712475703,1709718
322,Queen,The Game (Deluxe Edition 2011 Remaster),1710873897,1708119
323,Sigala,Brighter Days,1705988987,1703242
324,"Tyler, The Creator",Flower Boy,1704635154,1701890
325,One Direction,Up All Night,1701009067,1698270
326,Becky Hill,Get To Know,1700790098,1698051
327,The 1975,The 1975 (Deluxe),1699710259,1696973
328,Flo Rida,Wild Ones (Deluxe),1698572045,1695837
329,Metro Boomin,NOT ALL HEROES WEAR CAPES (Deluxe),1697516002,1694782
330,Disclosure,Settle (Special Edition),1696983733,1694251
331,Various Artists,Saturday Night Fever (The Original Movie Soundtrack Deluxe Edition),1695416445,1692686
332,The Lumineers,Cleopatra (Deluxe),1688492279,1685773
333,21 Savage,Without Warning,1687441422,1684724
334,Mike Posner,"At Night, Alone. (Expanded Edition)",1686832960,1684117
335,Chris Brown,Indigo (Extended),1681748201,1679040
336,Drake,What A Time To Be Alive,1678918435,1676215
337,Jeremih,Late Nights: The Album,1677925004,1675223
338,Lil Baby,Drip Harder,1675296246,1672599
339,Bob Marley & The Wailers,Exodus 40 (40th Anniversary Deluxe Edition),1669850971,1667162
340,Black Eyed Peas,Translation,1666783427,1664099
341,The Notorious B.I.G.,Ready to Die (The Remaster),1664798314,1662117
342,J Balvin,JOSE,1661138100,1658463
343,Mac Miller,Swimming,1659385417,1656713
344,Lil Mosey,Certified Hitmaker (AVA Leak),1654675951,1652011
345,Twenty One Pilots,Trench,1647870097,1645217
346,Robin Schulz,Sugar,1644435286,1641787
347,Pitbull,Globalization,1643405686,1640759
348,P!nk,The Truth About Love,1642865329,1640220
349,Michael Jackson,Bad 25th Anniversary,1641271169,1638628
350,Kid Cudi,Man On The Moon: The End Of Day,1639198288,1636559
351,Green Day,American Idiot (Deluxe),1637775071,1635138
352,Rauw Alejandro,Afrodisíaco,1631590121,1628963
353,DaBaby,KIRK,1626611817,1623992
354,Jack Harlow,Thats What They All Say,1623886456,1621272
355,Little Mix,Get Weird (Expanded Edition),1618868848,1616262
356,Eminem,Revival,1615159023,1612558
357,SAINt JHN,While The World Was Burning,1612924422,1610327
358,KAROL G,OCEAN,1604613688,1602030
359,Rae Sremmurd,SremmLife 2 (Deluxe),1604247297,1601664
360,Coldplay,Viva La Vida (Prospekt's March Edition),1601501714,1598923
361,French Montana,Jungle Rules,1601363021,1598784
362,Lil Peep,"Come Over When You're Sober, Pt. 1",1599556616,1596981
363,David Guetta,One More Love (Deluxe),1590156176,1587596
364,21 Savage,i am > i was (Deluxe),1588769712,1586211
365,Queen,Jazz (Deluxe Edition 2011 Remaster),1581985669,1579438
366,JAY-Z,Watch The Throne (Deluxe),1581023566,1578478
367,Arctic Monkeys,Favourite Worst Nightmare,1569071496,1566545
368,BTS,Love Yourself 承 'Her',1568262293,1565737
369,Travis Scott,Rodeo (Expanded Edition),1564282557,1561764
370,Mau y Ricky,Para Aventuras y Curiosidades,1563823074,1561305
371,Lil Tjay,True 2 Myself,1563699698,1561182
372,Gorillaz,Demon Days,1561513225,1558999
373,Coldplay,Mylo Xyloto,1549974552,1547479
374,Conan Gray,Kid Krow,1549843341,1547348
375,Miley Cyrus,The Time Of Our Lives (International Version),1543411065,1540926
376,Of Monsters and Men,My Head Is An Animal,1540648078,1538167
377,Kendrick Lamar,To Pimp A Butterfly,1536857197,1534382
378,Taylor Swift,evermore (deluxe version),1531092479,1528627
379,H.E.R.,H.E.R.,1529443316,1526980
380,Ellie Goulding,Brightest Blue,1528031503,1525571
381,Playboi Carti,Playboi Carti,1526303002,1523845
382,OMI,Me 4 U,1522623744,1520172
383,Mumford & Sons,Sigh No More,1520260166,1517812
384,24kGoldn,El Dorado,1519124416,1516678
385,Daft Punk,Random Access Memories,1519106202,1516660
386,Meek Mill,Championships,1518820185,1516374
387,Mark Ronson,Uptown Special,1516282894,1513841
388,Pitbull,Global Warming: Meltdown (Deluxe Version),1514533234,1512094
389,Miley Cyrus,Plastic Hearts,1513915702,1511478
390,Red Hot Chili Peppers,By the Way (Deluxe Edition),1513249656,1510813
391,5 Seconds of Summer,5 Seconds Of Summer (Deluxe),1511782979,1509349
392,Maluma,11:11,1508203862,1505775
393,Black Eyed Peas,THE E.N.D. (THE ENERGY NEVER DIES) [Deluxe Version],1505649488,1503225
394,alt-J,An Awesome Wave (Deluxe Version),1500242218,1497826
395,J. Cole,Born Sinner (Deluxe Version),1498093331,1495681
396,Machine Gun Kelly,Tickets To My Downfall (SOLD OUT Deluxe),1495440158,1493032
397,Jack Ü,Skrillex and Diplo present Jack Ü,1488328926,1485932
398,fun.,Some Nights (Deluxe),1487858489,1485463
399,Fifth Harmony,Reflection (Japan Deluxe Edition),1487219519,1484825
400,Demi Lovato,Demi (Deluxe),1486085933,1483693
401,Myke Towers,Easy Money Baby,1483591618,1481203
402,blink-182,Enema Of The State,1483049946,1480662
403,Nicki Minaj,Pink Friday ... Roman Reloaded (Deluxe Edition),1481397689,1479012
404,Childish Gambino,Because the Internet,1478900615,1476519
405,Justin Bieber,Believe (Deluxe Edition),1478328792,1475948
406,Coldplay,X&Y,1476303708,1473926
407,KYLE,Light of Mine (Deluxe),1475145247,1472770
408,Big Sean,I Decided.,1470762940,1468395
409,Sam Hunt,Montevallo,1468699477,1466334
410,Mustard,Perfect Ten,1468471520,1466107
411,Childish Gambino,"""Awaken, My Love!""",1464865480,1462507
412,The 1975,"I like it when you sleep, for you are so beautiful yet so unaware of it",1458304292,1455956
413,"Tyler, The Creator",IGOR,1457631636,1455284
414,Eminem,Relapse: Refill,1457335317,1454989
415,George Ezra,Wanted on Voyage (Expanded Edition),1456815898,1454470
416,Taylor Swift,Fearless (Platinum Edition),1455493798,1453150
417,Enrique Iglesias,SEX AND LOVE (Deluxe),1449652379,1447318
418,Florence + The Machine,Lungs (Deluxe Edition),1447526068,1445195
419,Milky Chance,Sadnecessary,1447421130,1445090
420,21 Savage,Issa Album,1443940949,1441616
421,The Notorious B.I.G.,Life After Death (2014 Remastered Edition),1443433419,1441109
422,J. Cole,KOD,1443031991,1440708
423,J. Cole,4 Your Eyez Only,1442771895,1440449
424,Drake,Certified Lover Boy,1442154027,1439832
425,George Ezra,Staying at Tamara's,1439364068,1437046
426,Kodak Black,Dying to Live,1438694251,1436378
427,Eminem,Encore (Deluxe Version),1438445069,1436129
428,Journey,Escape,1433586203,1431278
429,Troye Sivan,Blue Neighbourhood (Deluxe),1431404400,1429099
430,Big Sean,Dark Sky Paradise (Deluxe),1430497430,1428194
431,Dermot Kennedy,Without Fear (The Complete Edition),1428361733,1426062
432,AJR,The Click (Deluxe Edition),1428285361,1425985
433,U2,The Joshua Tree (Super Deluxe),1424173650,1421880
434,Kodak Black,Project Baby 2: All Grown Up (Deluxe Edition),1423900811,1421608
435,Red Hot Chili Peppers,Blood Sugar Sex Magik (Deluxe Edition),1423300761,1421009
436,Lil Pump,Lil Pump,1422769068,1420478
437,Alesso,Forever,1422487575,1420197
438,Nick Jonas,Last Year Was Complicated,1419797302,1417511
439,Internet Money,B4 The Storm (Complete Edition),1419323293,1417038
440,OneRepublic,Human (Deluxe),1418709067,1416425
441,Polo G,Die A Legend,1406476151,1404211
442,Sech,Sueños,1406434567,1404170
443,MGMT,Oracular Spectacular,1406361679,1404097
444,Macklemore,GEMINI,1403527300,1401267
445,Iggy Azalea,Reclassified,1402710632,1400452
446,Future,High Off Life,1399233808,1396981
447,Eagles,Hotel California (40th Anniversary Expanded Edition),1398679477,1396427
448,Various Artists,8 Mile,1397664093,1395413
449,Playboi Carti,Die Lit,1396986856,1394737
450,Morgan Wallen,If I Know Me,1396332820,1394084
451,Lunay,Épico,1394604062,1392358
452,Reik,Ahora,1389214746,1386978
453,Morat,Balas Perdidas (Edición Especial),1388208643,1385973
454,Demi Lovato,Confident (Deluxe Edition),1385042371,1382812
455,Queen,News Of The World (Deluxe Edition 2011 Remaster),1381298919,1379075
456,Joji,Nectar,1377356052,1375138
457,Linkin Park,Minutes to Midnight,1376921994,1374705
458,Garrett Nash,we,1372881324,1370671
459,A$AP Rocky,TESTING,1370727106,1368520
460,Jason Derulo,Everything Is 4,1370131616,1367925
461,James Arthur,YOU,1368764861,1366561
462,Tiësto,The London Sessions,1365748688,1363549
463,Lil Wayne,Tha Carter IV (Deluxe),1364117542,1361921
464,Aya Nakamura,NAKAMURA (Deluxe Edition),1362807679,1360613
465,Mariah Carey,Merry Christmas (Deluxe Anniversary Edition),1362025082,1359832
466,Wisin,Victory,1361376854,1359185
467,Mumford & Sons,Babel (Deluxe Version),1347206946,1345038
468,Green Day,Dookie,1344685414,1342520
469,TOTO,Toto IV,1343433379,1341270
470,Don Toliver,Heaven Or Hell,1341049156,1338890
471,Lost Frequencies,Less is More,1340089066,1337931
472,Kanye West,Late Registration,1339210657,1337054
473,John Mayer,Continuum,1337090087,1334937
474,Lil Wayne,Tha Carter V (Deluxe),1332654351,1330508
475,Chris Brown,X (Expanded Edition),1332098619,1329954
476,Lana Del Rey,Lust For Life,1329417594,1327277
477,Maroon 5,Hands All Over (Revised International Deluxe),1328385519,1326246
478,The Neighbourhood,Wiped Out!,1325308305,1323174
479,Florida Georgia Line,Here's To The Good Times...This Is How We Roll,1319798710,1317673
480,Romeo Santos,Golden,1319458521,1317334
481,Led Zeppelin,Led Zeppelin IV (Deluxe Edition),1318148467,1316026
482,Evanescence,Fallen,1314645457,1312528
483,Train,"Save Me, San Francisco (Golden Gate Edition)",1313865714,1311750
484,Fall Out Boy,Save Rock And Roll,1311679246,1309567
485,blackbear,everything means nothing,1310880161,1308769
486,Nicki Minaj,Pink Friday (Complete Edition),1307541923,1305436
487,Rauw Alejandro,VICE VERSA,1307375297,1305270
488,Pearl Jam,Ten,1307164909,1305060
489,Galantis,The Aviary,1303824254,1301725
490,Lil Uzi Vert,Lil Uzi Vert vs. The World,1303269555,1301171
491,Disclosure,ENERGY (Special Edition),1300823163,1298728
492,Arctic Monkeys,"Whatever People Say I Am, That's What I'm Not",1300007439,1297914
493,Maluma,"Pretty Boy, Dirty Boy",1299157116,1297065
494,Avicii,TIM,1296783731,1294696
495,6ix9ine,Day69: Graduation Day,1294510872,1292426
496,Glass Animals,Dreamland (+ Bonus Levels),1291089540,1289010
497,Lady Gaga,Joanne (Deluxe),1288091537,1286017
498,The Beatles,The Beatles,1286933440,1284861
499,Skillet,Vital Signs,1286588132,1284516
500,Ben Howard,Every Kingdom,1283507376,1281441
